Function "ioctl" not defined.
Breakpoint 1 (ioctl) pending.
[Thread debugging using libthread_db enabled]
Using host libthread_db library "/lib/aarch64-linux-gnu/libthread_db.so.1".

################################################################################
Conv2D Multi-Test Suite
Testing 1 different convolution shapes
################################################################################

================================================================================
TEST: conv2d_target_160x40_320x3x3
  Weight shape: (320,160,3,3)
================================================================================
I RKNN: [11:32:25.573] RKNN Runtime Information, librknnrt version: 2.3.0 (c949ad889d@2024-11-07T11:35:33)
I RKNN: [11:32:25.574] RKNN Driver Information, version: 0.9.8
I RKNN: [11:32:25.574] RKNN Model Information, version: 6, toolkit version: 2.3.2(compiler version: 2.3.2 (@2025-04-03T08:26:16)), target: RKNPU v2, target platform: rk3588, framework name: ONNX, framework layout: NCHW, model inference type: static_shape
D RKNN: [11:32:25.577] allocated memory, name: task, virt addr: 0x7ff7ff6000, dma addr: 0xfffdf000, obj addr: 0xffffff8108550000, size: 680, aligned size: 4096, fd: 4, handle: 1, flags: 0x40b, gem name: 1, iommu domain id: 0
D RKNN: [11:32:25.581] allocated memory, name: weight, virt addr: 0x7ff7203000, dma addr: 0xffefa000, obj addr: 0xffffff8108552800, size: 936384, aligned size: 937984, fd: 5, handle: 2, flags: 0x403, gem name: 2, iommu domain id: 0
D RKNN: [11:32:25.583] subgraph0 regcmdbuffer size: 12032, taskbuffer size: 680
D RKNN: [11:32:25.587] allocated memory, name: internal, virt addr: 0x7ff70a4000, dma addr: 0xffd9b000, obj addr: 0xffffff8108551400, size: 1436160, aligned size: 1437696, fd: 6, handle: 3, flags: 0x403, gem name: 3, iommu domain id: 0
D RKNN: [11:32:25.588] ------------------------------------------------------------------------------------------------------------------
D RKNN: [11:32:25.588]                                       Feature Tensor Information Table                         
D RKNN: [11:32:25.588] --------------------------------------------------------------------------------+---------------------------------
D RKNN: [11:32:25.588] ID  User           Tensor   DataType  DataFormat   OrigShape     NativeShape    |     [Start       End)       Size
D RKNN: [11:32:25.588] --------------------------------------------------------------------------------+---------------------------------
D RKNN: [11:32:25.588] 1   Conv           input    FLOAT16   NC1HWC2      (1,160,40,40) (1,80,40,40,8) | 0xffd9b000 0xffe18000 0x0007d000
D RKNN: [11:32:25.588] 2   OutputOperator output   FLOAT16   NC1HWC2      (1,320,38,38) (1,160,38,38,8) | 0xffe18000*0xffef9a00 0x000e1a00
D RKNN: [11:32:25.588] --------------------------------------------------------------------------------+---------------------------------
D RKNN: [11:32:25.588] -------------------------------------------------------------------------------
D RKNN: [11:32:25.588]                           Const Tensor Information Table         
D RKNN: [11:32:25.588] ---------------------------------------------+---------------------------------
D RKNN: [11:32:25.588] ID  User Tensor      DataType  OrigShape     |     [Start       End)       Size
D RKNN: [11:32:25.588] ---------------------------------------------+---------------------------------
D RKNN: [11:32:25.588] 1   Conv conv.weight FLOAT16   (320,160,3,3) | 0xffefa000 0xfffdb000 0x000e1000
D RKNN: [11:32:25.588] ---------------------------------------------+---------------------------------
D RKNN: [11:32:25.588] ----------------------------------------
D RKNN: [11:32:25.588] Total Internal Memory Size: 1402.5KB
D RKNN: [11:32:25.588] Total Weight Memory Size: 902KB
D RKNN: [11:32:25.588] ----------------------------------------
D RKNN: [11:32:25.588] The RKNN_FLAG_EXECUTE_FALLBACK_PRIOR_DEVICE_GPU is not set and without GPU op in Graphs, OpenCL will not be initialized
  Native input type: FP16, format: NC1HWC2
  Native input dims: 1 20 40 40 8
  Native input size: 512000, size_with_stride: 512000, w_stride: 40
  Native output type: FP16, format: NC1HWC2
  Native output dims: 1 40 38 38 8
  Native output size: 924160, size_with_stride: 924160, w_stride: 0
GEM 1: handle=1 size=4096 map_offset=0x100000000
  task_like_entries=17
  task_like[0] off=0x0000 flags=0x00000000 op_idx=1 enable_mask=0x0000000d int_mask=0x00000300 int_clear=0x0001ffff int_status=0x00000000 regcfg_amount=108 regcfg_offset=0 regcmd_addr=0x00000000fffdb800
  task_like[1] off=0x0028 flags=0x00000000 op_idx=1 enable_mask=0x0000000d int_mask=0x00000300 int_clear=0x0001ffff int_status=0x00000000 regcfg_amount=108 regcfg_offset=0 regcmd_addr=0x00000000fffdbb80
  task_like[2] off=0x0050 flags=0x00000000 op_idx=1 enable_mask=0x0000000d int_mask=0x00000300 int_clear=0x0001ffff int_status=0x00000000 regcfg_amount=104 regcfg_offset=0 regcmd_addr=0x00000000fffdbf00
  task_like[3] off=0x0078 flags=0x00000000 op_idx=1 enable_mask=0x0000000d int_mask=0x00000300 int_clear=0x0001ffff int_status=0x00000000 regcfg_amount=104 regcfg_offset=0 regcmd_addr=0x00000000fffdc280
  task_like[4] off=0x00a0 flags=0x00000000 op_idx=1 enable_mask=0x00000060 int_mask=0x00000c00 int_clear=0x0001ffff int_status=0x00000000 regcfg_amount=26 regcfg_offset=0 regcmd_addr=0x00000000fffdc600
  task_like[5] off=0x00c8 flags=0x00000000 op_idx=1 enable_mask=0x0000000d int_mask=0x00000300 int_clear=0x0001ffff int_status=0x00000000 regcfg_amount=104 regcfg_offset=0 regcmd_addr=0x00000000fffdc700
  task_like[6] off=0x00f0 flags=0x00000000 op_idx=1 enable_mask=0x0000000d int_mask=0x00000300 int_clear=0x0001ffff int_status=0x00000000 regcfg_amount=104 regcfg_offset=0 regcmd_addr=0x00000000fffdca80
  task_like[7] off=0x0118 flags=0x00000000 op_idx=1 enable_mask=0x00000060 int_mask=0x00000c00 int_clear=0x0001ffff int_status=0x00000000 regcfg_amount=26 regcfg_offset=0 regcmd_addr=0x00000000fffdce00
  task_like[8] off=0x0140 flags=0x00000000 op_idx=1 enable_mask=0x0000000d int_mask=0x00000300 int_clear=0x0001ffff int_status=0x00000000 regcfg_amount=104 regcfg_offset=0 regcmd_addr=0x00000000fffdcf00
  task_like[9] off=0x0168 flags=0x00000000 op_idx=1 enable_mask=0x0000000d int_mask=0x00000300 int_clear=0x0001ffff int_status=0x00000000 regcfg_amount=104 regcfg_offset=0 regcmd_addr=0x00000000fffdd280
  task_like[10] off=0x0190 flags=0x00000000 op_idx=1 enable_mask=0x00000060 int_mask=0x00000c00 int_clear=0x0001ffff int_status=0x00000000 regcfg_amount=26 regcfg_offset=0 regcmd_addr=0x00000000fffdd600
  task_like[11] off=0x01b8 flags=0x00000000 op_idx=1 enable_mask=0x0000000d int_mask=0x00000300 int_clear=0x0001ffff int_status=0x00000000 regcfg_amount=104 regcfg_offset=0 regcmd_addr=0x00000000fffdd700
  task_like[12] off=0x01e0 flags=0x00000000 op_idx=1 enable_mask=0x0000000d int_mask=0x00000300 int_clear=0x0001ffff int_status=0x00000000 regcfg_amount=104 regcfg_offset=0 regcmd_addr=0x00000000fffdda80
  task_like[13] off=0x0208 flags=0x00000000 op_idx=1 enable_mask=0x00000060 int_mask=0x00000c00 int_clear=0x0001ffff int_status=0x00000000 regcfg_amount=26 regcfg_offset=0 regcmd_addr=0x00000000fffdde00
  task_like[14] off=0x0230 flags=0x00000000 op_idx=1 enable_mask=0x0000000d int_mask=0x00000300 int_clear=0x0001ffff int_status=0x00000000 regcfg_amount=104 regcfg_offset=0 regcmd_addr=0x00000000fffddf00
  task_like[15] off=0x0258 flags=0x00000000 op_idx=1 enable_mask=0x0000000d int_mask=0x00000300 int_clear=0x0001ffff int_status=0x00000000 regcfg_amount=104 regcfg_offset=0 regcmd_addr=0x00000000fffde280
  task_like[16] off=0x0280 flags=0x00000000 op_idx=1 enable_mask=0x00000060 int_mask=0x00000c00 int_clear=0x0001ffff int_status=0x00000000 regcfg_amount=26 regcfg_offset=0 regcmd_addr=0x00000000fffde600
GEM 2: handle=2 size=937984 map_offset=0x100001000
  task_like_entries=77
  task_like[0] off=0xe1050 flags=0x00000000 op_idx=0 enable_mask=0x00000001 int_mask=0x00000004 int_clear=0x00000000 int_status=0x00000000 regcfg_amount=0 regcfg_offset=4294967295 regcmd_addr=0x0000000000000040
  task_like[1] off=0xe10f0 flags=0x746e6175 op_idx=2019650911 enable_mask=0xffffff00 int_mask=0xffffffff int_clear=0xffffffff int_status=0xffffffff regcfg_amount=529 regcfg_offset=0 regcmd_addr=0x00000055b0dde9d0
  task_like[2] off=0xe12f8 flags=0x766e6f63 op_idx=1768257326 enable_mask=0x5f746867 int_mask=0x6e617571 int_clear=0x657a5f74 int_status=0x705f6f72 regcfg_amount=672 regcfg_offset=0 regcmd_addr=0x0000000000000030
  task_like[3] off=0xe1488 flags=0x00000015 op_idx=0 enable_mask=0x00000000 int_mask=0x00000000 int_clear=0x00000015 int_status=0x00000000 regcfg_amount=12 regcfg_offset=0 regcmd_addr=0x0000000900000000
  task_like[4] off=0xe1668 flags=0x00000006 op_idx=536870912 enable_mask=0x00000000 int_mask=0x00000000 int_clear=0x00000000 int_status=0x00000000 regcfg_amount=0 regcfg_offset=0 regcmd_addr=0x2c00000000000000
  task_like[5] off=0xe1938 flags=0x00001150 op_idx=33619968 enable_mask=0x00001154 int_mask=0x02010000 int_clear=0x00001158 int_status=0x02010000 regcfg_amount=4444 regcfg_offset=33619968 regcmd_addr=0x0201000000001160
  task_like[6] off=0xe1988 flags=0x00001178 op_idx=33619968 enable_mask=0x0000117c int_mask=0x02010000 int_clear=0x00001180 int_status=0x02010000 regcfg_amount=4484 regcfg_offset=33619968 regcmd_addr=0x0801000002003010
  task_like[7] off=0xe1a78 flags=0x03834070 op_idx=268500992 enable_mask=0x00004074 int_mask=0x10010000 int_clear=0x00014078 int_status=0x10010000 regcfg_amount=16508 regcfg_offset=268500992 regcmd_addr=0x1001000000004080
  task_like[8] off=0xe1b40 flags=0x00004120 op_idx=268500992 enable_mask=0x00004124 int_mask=0x10010000 int_clear=0x00004128 int_status=0x10010000 regcfg_amount=16684 regcfg_offset=268500992 regcmd_addr=0x0101fffdbb800010
  task_like[9] off=0xe1cf8 flags=0x00001170 op_idx=33619968 enable_mask=0x00001174 int_mask=0x02010000 int_clear=0x00001178 int_status=0x02010000 regcfg_amount=4476 regcfg_offset=33619968 regcmd_addr=0x0201000000001180
  task_like[10] off=0xe1d48 flags=0x00003030 op_idx=134283264 enable_mask=0x01e4400c int_mask=0x10010000 int_clear=0x00024010 int_status=0x10014800 regcfg_amount=16404 regcfg_offset=268500992 regcmd_addr=0x1001ffc3f1e04020
  task_like[11] off=0xe1d98 flags=0x00534040 op_idx=268500992 enable_mask=0x00004044 int_mask=0x10010000 int_clear=0x00004048 int_status=0x10010000 regcfg_amount=16460 regcfg_offset=268500992 regcmd_addr=0x1001000001264050
  task_like[12] off=0xe1e10 flags=0x0000407c op_idx=268500992 enable_mask=0x00004080 int_mask=0x10010000 int_clear=0x00014084 int_status=0x10010001 regcfg_amount=16520 regcfg_offset=268500992 regcmd_addr=0x1001000000004090
  task_like[13] off=0xe1e60 flags=0x000040a8 op_idx=268500992 enable_mask=0x000040ac int_mask=0x10010000 int_clear=0xb48040c0 int_status=0x10010000 regcfg_amount=16580 regcfg_offset=268500992 regcmd_addr=0x1001000000004100
  task_like[14] off=0xe2018 flags=0x00001150 op_idx=33619968 enable_mask=0x00001154 int_mask=0x02010000 int_clear=0x00001158 int_status=0x02010000 regcfg_amount=4444 regcfg_offset=33619968 regcmd_addr=0x0201000000001160
  task_like[15] off=0xe2068 flags=0x00001178 op_idx=33619968 enable_mask=0x0000117c int_mask=0x02010000 int_clear=0x00001180 int_status=0x02010000 regcfg_amount=4484 regcfg_offset=33619968 regcmd_addr=0x0801000002003010
  task_like[16] off=0xe2158 flags=0x03834070 op_idx=268500992 enable_mask=0x00004074 int_mask=0x10010000 int_clear=0x00014078 int_status=0x10010000 regcfg_amount=16508 regcfg_offset=268500992 regcmd_addr=0x1001000000004080
  task_like[17] off=0xe2220 flags=0x00004120 op_idx=268500992 enable_mask=0x00004124 int_mask=0x10010000 int_clear=0x00004128 int_status=0x10010000 regcfg_amount=16684 regcfg_offset=268500992 regcmd_addr=0x0101fffdc2800010
  task_like[18] off=0xe23d8 flags=0x00001170 op_idx=33619968 enable_mask=0x00001174 int_mask=0x02010000 int_clear=0x00001178 int_status=0x02010000 regcfg_amount=4476 regcfg_offset=33619968 regcmd_addr=0x0201000000001180
  task_like[19] off=0xe2428 flags=0x00003030 op_idx=134283264 enable_mask=0x01e4400c int_mask=0x10010000 int_clear=0x00024010 int_status=0x10014800 regcfg_amount=16404 regcfg_offset=268500992 regcmd_addr=0x1001ffc3f1e04020
  task_like[20] off=0xe2478 flags=0x00534040 op_idx=268500992 enable_mask=0x00004044 int_mask=0x10010000 int_clear=0x00004048 int_status=0x10010000 regcfg_amount=16460 regcfg_offset=268500992 regcmd_addr=0x1001000001264050
  task_like[21] off=0xe24f0 flags=0x0000407c op_idx=268500992 enable_mask=0x00004080 int_mask=0x10010000 int_clear=0x00014084 int_status=0x10010001 regcfg_amount=16520 regcfg_offset=268500992 regcmd_addr=0x1001000000004090
  task_like[22] off=0xe2540 flags=0x000040a8 op_idx=268500992 enable_mask=0x000040ac int_mask=0x10010000 int_clear=0xb48040c0 int_status=0x10010000 regcfg_amount=16580 regcfg_offset=268500992 regcmd_addr=0x1001000000004100
  task_like[23] off=0xe2658 flags=0x0000603c op_idx=1073807360 enable_mask=0x00006040 int_mask=0x40010000 int_clear=0x00006044 int_status=0x40010000 regcfg_amount=24648 regcfg_offset=1073807360 regcmd_addr=0x4001fffdb0006070
  task_like[24] off=0xe2680 flags=0x0010607c op_idx=1073807360 enable_mask=0x00106084 int_mask=0x40010000 int_clear=0x000360dc int_status=0x40010000 regcfg_amount=28684 regcfg_offset=2147549184 regcmd_addr=0x8001000000007010
  task_like[25] off=0xe2770 flags=0x00001050 op_idx=33619969 enable_mask=0x00001054 int_mask=0x02010001 int_clear=0x00001058 int_status=0x02010001 regcfg_amount=4188 regcfg_offset=33619969 regcmd_addr=0x0201000000001060
  task_like[26] off=0xe2838 flags=0x00001160 op_idx=33619968 enable_mask=0x00001164 int_mask=0x02010000 int_clear=0x00001168 int_status=0x02010000 regcfg_amount=4460 regcfg_offset=33619968 regcmd_addr=0x0201000000001170
  task_like[27] off=0xe2888 flags=0x02003010 op_idx=134283264 enable_mask=0x00253014 int_mask=0x08010014 int_clear=0x009f3018 int_status=0x08010000 regcfg_amount=12316 regcfg_offset=134283264 regcmd_addr=0x0801000000003030
  task_like[28] off=0xe2b08 flags=0x0000105c op_idx=33619969 enable_mask=0x00001060 int_mask=0x02010000 int_clear=0x00001064 int_status=0x02010000 regcfg_amount=4200 regcfg_offset=33619968 regcmd_addr=0x0201ffd214801070
  task_like[29] off=0xe2d10 flags=0x00004090 op_idx=268500992 enable_mask=0x00004094 int_mask=0x10010000 int_clear=0x00004098 int_status=0x10010000 regcfg_amount=16540 regcfg_offset=268500992 regcmd_addr=0x10010000000040a0
  task_like[30] off=0xe2d60 flags=0x00004100 op_idx=268500992 enable_mask=0x00004104 int_mask=0x10010000 int_clear=0x00004108 int_status=0x10010000 regcfg_amount=16652 regcfg_offset=268500992 regcmd_addr=0x1001000000004110
  task_like[31] off=0xe3058 flags=0x00001170 op_idx=33619968 enable_mask=0x00001174 int_mask=0x02010000 int_clear=0x00001178 int_status=0x02010000 regcfg_amount=4476 regcfg_offset=33619968 regcmd_addr=0x0201000000001180
  task_like[32] off=0xe30a8 flags=0x00003030 op_idx=134283264 enable_mask=0x01e4400c int_mask=0x10010000 int_clear=0x00024010 int_status=0x10014800 regcfg_amount=16404 regcfg_offset=268500992 regcmd_addr=0x1001ffc3c0004020
  task_like[33] off=0xe30f8 flags=0x00534040 op_idx=268500992 enable_mask=0x00004044 int_mask=0x10010000 int_clear=0x00004048 int_status=0x10010000 regcfg_amount=16460 regcfg_offset=268500992 regcmd_addr=0x1001000001264050
  task_like[34] off=0xe3170 flags=0x0000407c op_idx=268500992 enable_mask=0x00004080 int_mask=0x10010000 int_clear=0x00014084 int_status=0x10010001 regcfg_amount=16520 regcfg_offset=268500992 regcmd_addr=0x1001000000004090
  task_like[35] off=0xe31c0 flags=0x000040a8 op_idx=268500992 enable_mask=0x000040ac int_mask=0x10010000 int_clear=0xb48040c0 int_status=0x10010000 regcfg_amount=16580 regcfg_offset=268500992 regcmd_addr=0x1001000000004100
  task_like[36] off=0xe3350 flags=0x00131084 op_idx=33620008 enable_mask=0x00a01088 int_mask=0x02010000 int_clear=0x00001100 int_status=0x02010000 regcfg_amount=4356 regcfg_offset=33619968 regcmd_addr=0x0201ffefa0001110
  task_like[37] off=0xe3378 flags=0x00001140 op_idx=33619968 enable_mask=0x00001144 int_mask=0x02010000 int_clear=0x00001148 int_status=0x02010000 regcfg_amount=4428 regcfg_offset=33619968 regcmd_addr=0x0201000000001150
  task_like[38] off=0xe34b8 flags=0x00534060 op_idx=268500992 enable_mask=0x00004064 int_mask=0x10010000 int_clear=0x00004068 int_status=0x10010000 regcfg_amount=16492 regcfg_offset=268500992 regcmd_addr=0x1001000003834070
  task_like[39] off=0xe3530 flags=0x000040a0 op_idx=268500992 enable_mask=0x000040a4 int_mask=0x10010000 int_clear=0x000040a8 int_status=0x10010000 regcfg_amount=16556 regcfg_offset=268500992 regcmd_addr=0x10010000b48040c0
  task_like[40] off=0xe3580 flags=0x00004110 op_idx=268500992 enable_mask=0x00004114 int_mask=0x10010000 int_clear=0x00004118 int_status=0x10010000 regcfg_amount=16668 regcfg_offset=268500992 regcmd_addr=0x1001000000004120
  task_like[41] off=0xe35f8 flags=0x00000000 op_idx=0 enable_mask=0x000e6004 int_mask=0x40010000 int_clear=0x000e7004 int_status=0x80010000 regcfg_amount=24588 regcfg_offset=1073807360 regcmd_addr=0x4001000000006010
  task_like[42] off=0xe36c0 flags=0x00107028 op_idx=2147549184 enable_mask=0x00017030 int_mask=0x80010000 int_clear=0x00000000 int_status=0x00000000 regcfg_amount=20 regcfg_offset=16842752 regcmd_addr=0x0041000000000000
  task_like[43] off=0xe3788 flags=0x0000105c op_idx=33619969 enable_mask=0x00001060 int_mask=0x02010000 int_clear=0x00001064 int_status=0x02010000 regcfg_amount=4200 regcfg_offset=33619968 regcmd_addr=0x0201ffd1e0001070
  task_like[44] off=0xe3990 flags=0x00004090 op_idx=268500992 enable_mask=0x00004094 int_mask=0x10010000 int_clear=0x00004098 int_status=0x10010000 regcfg_amount=16540 regcfg_offset=268500992 regcmd_addr=0x10010000000040a0
  task_like[45] off=0xe39e0 flags=0x00004100 op_idx=268500992 enable_mask=0x00004104 int_mask=0x10010000 int_clear=0x00004108 int_status=0x10010000 regcfg_amount=16652 regcfg_offset=268500992 regcmd_addr=0x1001000000004110
  task_like[46] off=0xe3b98 flags=0x00001150 op_idx=33619968 enable_mask=0x00001154 int_mask=0x02010000 int_clear=0x00001158 int_status=0x02010000 regcfg_amount=4444 regcfg_offset=33619968 regcmd_addr=0x0201000000001160
  task_like[47] off=0xe3be8 flags=0x00001178 op_idx=33619968 enable_mask=0x0000117c int_mask=0x02010000 int_clear=0x00001180 int_status=0x02010000 regcfg_amount=4484 regcfg_offset=33619968 regcmd_addr=0x0801000002003010
  task_like[48] off=0xe3cd8 flags=0x03834070 op_idx=268500992 enable_mask=0x00004074 int_mask=0x10010000 int_clear=0x00014078 int_status=0x10010000 regcfg_amount=16508 regcfg_offset=268500992 regcmd_addr=0x1001000000004080
  task_like[49] off=0xe3da0 flags=0x00004120 op_idx=268500992 enable_mask=0x00004124 int_mask=0x10010000 int_clear=0x00004128 int_status=0x10010000 regcfg_amount=16684 regcfg_offset=268500992 regcmd_addr=0x0101fffdde000010
  task_like[50] off=0xe3e18 flags=0x00006010 op_idx=1073807360 enable_mask=0x001f6014 int_mask=0x40010000 int_clear=0x00006018 int_status=0x40010000 regcfg_amount=24604 regcfg_offset=1073807360 regcmd_addr=0x40010000001f6020
  task_like[51] off=0xe3e40 flags=0x00116024 op_idx=1073807360 enable_mask=0x00006034 int_mask=0x40010000 int_clear=0x00006038 int_status=0x40010000 regcfg_amount=24636 regcfg_offset=1073807360 regcmd_addr=0x4001000000006040
  task_like[52] off=0xe3fd0 flags=0x00171084 op_idx=33620008 enable_mask=0x00a01088 int_mask=0x02010000 int_clear=0x00001100 int_status=0x02010000 regcfg_amount=4356 regcfg_offset=33619968 regcmd_addr=0x0201fff978001110
  task_like[53] off=0xe3ff8 flags=0x00001140 op_idx=33619968 enable_mask=0x00001144 int_mask=0x02010000 int_clear=0x00001148 int_status=0x02010000 regcfg_amount=4428 regcfg_offset=33619968 regcmd_addr=0x0201000000001150
  task_like[54] off=0xe4138 flags=0x00534060 op_idx=268500992 enable_mask=0x00004064 int_mask=0x10010000 int_clear=0x00004068 int_status=0x10010000 regcfg_amount=16492 regcfg_offset=268500992 regcmd_addr=0x1001000003834070
  task_like[55] off=0xe41b0 flags=0x000040a0 op_idx=268500992 enable_mask=0x000040a4 int_mask=0x10010000 int_clear=0x000040a8 int_status=0x10010000 regcfg_amount=16556 regcfg_offset=268500992 regcmd_addr=0x10010000b48040c0
  task_like[56] off=0xe4200 flags=0x00004110 op_idx=268500992 enable_mask=0x00004114 int_mask=0x10010000 int_clear=0x00004118 int_status=0x10010000 regcfg_amount=16668 regcfg_offset=268500992 regcmd_addr=0x1001000000004120
  task_like[57] off=0xe42f0 flags=0x00001050 op_idx=33619969 enable_mask=0x00001054 int_mask=0x02010001 int_clear=0x00001058 int_status=0x02010001 regcfg_amount=4188 regcfg_offset=33619969 regcmd_addr=0x0201000000001060
  task_like[58] off=0xe43b8 flags=0x00001160 op_idx=33619968 enable_mask=0x00001164 int_mask=0x02010000 int_clear=0x00001168 int_status=0x02010000 regcfg_amount=4460 regcfg_offset=33619968 regcmd_addr=0x0201000000001170
  task_like[59] off=0xe4408 flags=0x02003010 op_idx=134283264 enable_mask=0x00253014 int_mask=0x08010010 int_clear=0x005f3018 int_status=0x08010000 regcfg_amount=12316 regcfg_offset=134283264 regcmd_addr=0x0801000000003030
  task_like[60] off=0xe4700 flags=0x00000000 op_idx=1 enable_mask=0x0000000d int_mask=0x00000300 int_clear=0x0001ffff int_status=0x00000000 regcfg_amount=108 regcfg_offset=0 regcmd_addr=0x0000000000000000
  task_like[61] off=0xe4728 flags=0x00000000 op_idx=1 enable_mask=0x0000000d int_mask=0x00000300 int_clear=0x0001ffff int_status=0x00000000 regcfg_amount=108 regcfg_offset=0 regcmd_addr=0x0000000000000380
  task_like[62] off=0xe4750 flags=0x00000000 op_idx=1 enable_mask=0x0000000d int_mask=0x00000300 int_clear=0x0001ffff int_status=0x00000000 regcfg_amount=104 regcfg_offset=0 regcmd_addr=0x0000000000000700
  task_like[63] off=0xe4778 flags=0x00000000 op_idx=1 enable_mask=0x0000000d int_mask=0x00000300 int_clear=0x0001ffff int_status=0x00000000 regcfg_amount=104 regcfg_offset=0 regcmd_addr=0x0000000000000a80
  task_like[64] off=0xe47a0 flags=0x00000000 op_idx=1 enable_mask=0x00000060 int_mask=0x00000c00 int_clear=0x0001ffff int_status=0x00000000 regcfg_amount=26 regcfg_offset=0 regcmd_addr=0x0000000000000e00
  task_like[65] off=0xe47c8 flags=0x00000000 op_idx=1 enable_mask=0x0000000d int_mask=0x00000300 int_clear=0x0001ffff int_status=0x00000000 regcfg_amount=104 regcfg_offset=0 regcmd_addr=0x0000000000000f00
  task_like[66] off=0xe47f0 flags=0x00000000 op_idx=1 enable_mask=0x0000000d int_mask=0x00000300 int_clear=0x0001ffff int_status=0x00000000 regcfg_amount=104 regcfg_offset=0 regcmd_addr=0x0000000000001280
  task_like[67] off=0xe4818 flags=0x00000000 op_idx=1 enable_mask=0x00000060 int_mask=0x00000c00 int_clear=0x0001ffff int_status=0x00000000 regcfg_amount=26 regcfg_offset=0 regcmd_addr=0x0000000000001600
  task_like[68] off=0xe4840 flags=0x00000000 op_idx=1 enable_mask=0x0000000d int_mask=0x00000300 int_clear=0x0001ffff int_status=0x00000000 regcfg_amount=104 regcfg_offset=0 regcmd_addr=0x0000000000001700
  task_like[69] off=0xe4868 flags=0x00000000 op_idx=1 enable_mask=0x0000000d int_mask=0x00000300 int_clear=0x0001ffff int_status=0x00000000 regcfg_amount=104 regcfg_offset=0 regcmd_addr=0x0000000000001a80
  task_like[70] off=0xe4890 flags=0x00000000 op_idx=1 enable_mask=0x00000060 int_mask=0x00000c00 int_clear=0x0001ffff int_status=0x00000000 regcfg_amount=26 regcfg_offset=0 regcmd_addr=0x0000000000001e00
  task_like[71] off=0xe48b8 flags=0x00000000 op_idx=1 enable_mask=0x0000000d int_mask=0x00000300 int_clear=0x0001ffff int_status=0x00000000 regcfg_amount=104 regcfg_offset=0 regcmd_addr=0x0000000000001f00
  task_like[72] off=0xe48e0 flags=0x00000000 op_idx=1 enable_mask=0x0000000d int_mask=0x00000300 int_clear=0x0001ffff int_status=0x00000000 regcfg_amount=104 regcfg_offset=0 regcmd_addr=0x0000000000002280
  task_like[73] off=0xe4908 flags=0x00000000 op_idx=1 enable_mask=0x00000060 int_mask=0x00000c00 int_clear=0x0001ffff int_status=0x00000000 regcfg_amount=26 regcfg_offset=0 regcmd_addr=0x0000000000002600
  task_like[74] off=0xe4930 flags=0x00000000 op_idx=1 enable_mask=0x0000000d int_mask=0x00000300 int_clear=0x0001ffff int_status=0x00000000 regcfg_amount=104 regcfg_offset=0 regcmd_addr=0x0000000000002700
  task_like[75] off=0xe4958 flags=0x00000000 op_idx=1 enable_mask=0x0000000d int_mask=0x00000300 int_clear=0x0001ffff int_status=0x00000000 regcfg_amount=104 regcfg_offset=0 regcmd_addr=0x0000000000002a80
  task_like[76] off=0xe4980 flags=0x00000000 op_idx=1 enable_mask=0x00000060 int_mask=0x00000c00 int_clear=0x0001ffff int_status=0x00000000 regcfg_amount=26 regcfg_offset=0 regcmd_addr=0x0000000000002e00
  QWORD_WINDOW off=0xe1800 count=1504
  regcmd_qword[0] off=0xe1800 value=0x0201000000391040
  regcmd_qword[1] off=0xe1808 value=0x0201000000001104
  regcmd_qword[2] off=0xe1810 value=0x0201000000001100
  regcmd_qword[3] off=0xe1818 value=0x020100000120100c
  regcmd_qword[4] off=0xe1820 value=0x10010000000e4004
  regcmd_qword[5] off=0xe1828 value=0x020100000120100c
  regcmd_qword[6] off=0xe1830 value=0x0201000000c01010
  regcmd_qword[7] off=0xe1838 value=0x0201000000091014
  regcmd_qword[8] off=0xe1840 value=0x0201002800171020
  regcmd_qword[9] off=0xe1848 value=0x0201001f00a01024
  regcmd_qword[10] off=0xe1850 value=0x0201000000261028
  regcmd_qword[11] off=0xe1858 value=0x02010000031e102c
  regcmd_qword[12] off=0xe1860 value=0x0201000e10001030
  regcmd_qword[13] off=0xe1868 value=0x020100000b401034
  regcmd_qword[14] off=0xe1870 value=0x0201030301401038
  regcmd_qword[15] off=0xe1878 value=0x0201000000391040
  regcmd_qword[16] off=0xe1880 value=0x0201000000c81044
  regcmd_qword[17] off=0xe1888 value=0x02010000000b104c
  regcmd_qword[18] off=0xe1890 value=0x0201000100001050
  regcmd_qword[19] off=0xe1898 value=0x0201000100001054
  regcmd_qword[20] off=0xe18a0 value=0x0201000100001058
  regcmd_qword[21] off=0xe18a8 value=0x020100010000105c
  regcmd_qword[22] off=0xe18b0 value=0x0201000000001060
  regcmd_qword[23] off=0xe18b8 value=0x0201000000001064
  regcmd_qword[24] off=0xe18c0 value=0x0201000000001068
  regcmd_qword[25] off=0xe18c8 value=0x0201ffd1e0001070
  regcmd_qword[26] off=0xe18d0 value=0x0201000000001074
  regcmd_qword[27] off=0xe18d8 value=0x0201000f000f1078
  regcmd_qword[28] off=0xe18e0 value=0x0201000000a0107c
  regcmd_qword[29] off=0xe18e8 value=0x0201000005a01080
  regcmd_qword[30] off=0xe18f0 value=0x0201002800171084
  regcmd_qword[31] off=0xe18f8 value=0x0201000000a01088
  regcmd_qword[32] off=0xe1900 value=0x0201000000001100
  regcmd_qword[33] off=0xe1908 value=0x0201000000001104
  regcmd_qword[34] off=0xe1910 value=0x0201ffefa0001110
  regcmd_qword[35] off=0xe1918 value=0x0201000000001140
  regcmd_qword[36] off=0xe1920 value=0x0201000000001144
  regcmd_qword[37] off=0xe1928 value=0x0201000000001148
  regcmd_qword[38] off=0xe1930 value=0x020100000000114c
  regcmd_qword[39] off=0xe1938 value=0x0201000000001150
  regcmd_qword[40] off=0xe1940 value=0x0201000000001154
  regcmd_qword[41] off=0xe1948 value=0x0201000000001158
  regcmd_qword[42] off=0xe1950 value=0x020100000000115c
  regcmd_qword[43] off=0xe1958 value=0x0201000000001160
  regcmd_qword[44] off=0xe1960 value=0x0201000000001164
  regcmd_qword[45] off=0xe1968 value=0x0201000000001168
  regcmd_qword[46] off=0xe1970 value=0x020100000000116c
  regcmd_qword[47] off=0xe1978 value=0x0201000000001170
  regcmd_qword[48] off=0xe1980 value=0x0201000000001174
  regcmd_qword[49] off=0xe1988 value=0x0201000000001178
  regcmd_qword[50] off=0xe1990 value=0x020100000000117c
  regcmd_qword[51] off=0xe1998 value=0x0201000000001180
  regcmd_qword[52] off=0xe19a0 value=0x0201000000001184
  regcmd_qword[53] off=0xe19a8 value=0x0801000002003010
  regcmd_qword[54] off=0xe19b0 value=0x0801001400253014
  regcmd_qword[55] off=0xe19b8 value=0x08010000013f3018
  regcmd_qword[56] off=0xe19c0 value=0x080100000000301c
  regcmd_qword[57] off=0xe19c8 value=0x0801000000003030
  regcmd_qword[58] off=0xe19d0 value=0x1001000001e4400c
  regcmd_qword[59] off=0xe19d8 value=0x1001480000024010
  regcmd_qword[60] off=0xe19e0 value=0x1001000000004014
  regcmd_qword[61] off=0xe19e8 value=0x1001ffc3c0004020
  regcmd_qword[62] off=0xe19f0 value=0x100100005a404024
  regcmd_qword[63] off=0xe19f8 value=0x1001000000254030
  regcmd_qword[64] off=0xe1a00 value=0x1001000000144034
  regcmd_qword[65] off=0xe1a08 value=0x1001000000004038
  regcmd_qword[66] off=0xe1a10 value=0x1001013f013f403c
  regcmd_qword[67] off=0xe1a18 value=0x1001000000534040
  regcmd_qword[68] off=0xe1a20 value=0x1001000000004044
  regcmd_qword[69] off=0xe1a28 value=0x1001000000004048
  regcmd_qword[70] off=0xe1a30 value=0x100100000000404c
  regcmd_qword[71] off=0xe1a38 value=0x1001000001264050
  regcmd_qword[72] off=0xe1a40 value=0x1001000000004054
  regcmd_qword[73] off=0xe1a48 value=0x10010000013f4058
  regcmd_qword[74] off=0xe1a50 value=0x100100140025405c
  regcmd_qword[75] off=0xe1a58 value=0x1001000000534060
  regcmd_qword[76] off=0xe1a60 value=0x1001000000004064
  regcmd_qword[77] off=0xe1a68 value=0x1001000000004068
  regcmd_qword[78] off=0xe1a70 value=0x100100000000406c
  regcmd_qword[79] off=0xe1a78 value=0x1001000003834070
  regcmd_qword[80] off=0xe1a80 value=0x1001000000004074
  regcmd_qword[81] off=0xe1a88 value=0x1001000000014078
  regcmd_qword[82] off=0xe1a90 value=0x100100000000407c
  regcmd_qword[83] off=0xe1a98 value=0x1001000000004080
  regcmd_qword[84] off=0xe1aa0 value=0x1001000100014084
  regcmd_qword[85] off=0xe1aa8 value=0x1001000000004088
  regcmd_qword[86] off=0xe1ab0 value=0x1001000000004090
  regcmd_qword[87] off=0xe1ab8 value=0x1001000000004094
  regcmd_qword[88] off=0xe1ac0 value=0x1001000000004098
  regcmd_qword[89] off=0xe1ac8 value=0x100100000000409c
  regcmd_qword[90] off=0xe1ad0 value=0x10010000000040a0
  regcmd_qword[91] off=0xe1ad8 value=0x10010000000040a4
  regcmd_qword[92] off=0xe1ae0 value=0x10010000000040a8
  regcmd_qword[93] off=0xe1ae8 value=0x10010000000040ac
  regcmd_qword[94] off=0xe1af0 value=0x10010000b48040c0
  regcmd_qword[95] off=0xe1af8 value=0x10010000000040c4
  regcmd_qword[96] off=0xe1b00 value=0x1001000000004100
  regcmd_qword[97] off=0xe1b08 value=0x1001000000004104
  regcmd_qword[98] off=0xe1b10 value=0x1001000000004108
  regcmd_qword[99] off=0xe1b18 value=0x100100000000410c
  regcmd_qword[100] off=0xe1b20 value=0x1001000000004110
  regcmd_qword[101] off=0xe1b28 value=0x1001000000004114
  regcmd_qword[102] off=0xe1b30 value=0x1001000000004118
  regcmd_qword[103] off=0xe1b38 value=0x100100000000411c
  regcmd_qword[104] off=0xe1b40 value=0x1001000000004120
  regcmd_qword[105] off=0xe1b48 value=0x1001000000004124
  regcmd_qword[106] off=0xe1b50 value=0x1001000000004128
  regcmd_qword[107] off=0xe1b58 value=0x100100000000412c
  regcmd_qword[108] off=0xe1b60 value=0x0101fffdbb800010
  regcmd_qword[109] off=0xe1b68 value=0x0101000000370014
  regcmd_qword[110] off=0xe1b70 value=0x0041000000000000
  regcmd_qword[111] off=0xe1b78 value=0x00810000000d0008
  regcmd_qword[112] off=0xe1b80 value=0x0201000000391040
  regcmd_qword[113] off=0xe1b88 value=0x0201000000001104
  regcmd_qword[114] off=0xe1b90 value=0x0201000000001100
  regcmd_qword[115] off=0xe1b98 value=0x020100000120100c
  regcmd_qword[116] off=0xe1ba0 value=0x10010000000e4004
  regcmd_qword[117] off=0xe1ba8 value=0x020100000120100c
  regcmd_qword[118] off=0xe1bb0 value=0x0201000000c01010
  regcmd_qword[119] off=0xe1bb8 value=0x0201000000091014
  regcmd_qword[120] off=0xe1bc0 value=0x0201002800131020
  regcmd_qword[121] off=0xe1bc8 value=0x0201001f00a01024
  regcmd_qword[122] off=0xe1bd0 value=0x0201000000261028
  regcmd_qword[123] off=0xe1bd8 value=0x020100000286102c
  regcmd_qword[124] off=0xe1be0 value=0x0201000e10001030
  regcmd_qword[125] off=0xe1be8 value=0x020100000b401034
  regcmd_qword[126] off=0xe1bf0 value=0x0201030301401038
  regcmd_qword[127] off=0xe1bf8 value=0x0201000000391040
  regcmd_qword[128] off=0xe1c00 value=0x0201000000c81044
  regcmd_qword[129] off=0xe1c08 value=0x02010000000b104c
  regcmd_qword[130] off=0xe1c10 value=0x0201000100001050
  regcmd_qword[131] off=0xe1c18 value=0x0201000100001054
  regcmd_qword[132] off=0xe1c20 value=0x0201000100001058
  regcmd_qword[133] off=0xe1c28 value=0x020100010000105c
  regcmd_qword[134] off=0xe1c30 value=0x0201000000001060
  regcmd_qword[135] off=0xe1c38 value=0x0201000000001064
  regcmd_qword[136] off=0xe1c40 value=0x0201000000001068
  regcmd_qword[137] off=0xe1c48 value=0x0201ffd214801070
  regcmd_qword[138] off=0xe1c50 value=0x0201000000001074
  regcmd_qword[139] off=0xe1c58 value=0x0201000f000f1078
  regcmd_qword[140] off=0xe1c60 value=0x0201000000a0107c
  regcmd_qword[141] off=0xe1c68 value=0x0201000005a01080
  regcmd_qword[142] off=0xe1c70 value=0x0201002800131084
  regcmd_qword[143] off=0xe1c78 value=0x0201000000a01088
  regcmd_qword[144] off=0xe1c80 value=0x0201000000001100
  regcmd_qword[145] off=0xe1c88 value=0x0201000000001104
  regcmd_qword[146] off=0xe1c90 value=0x0201ffefa0001110
  regcmd_qword[147] off=0xe1c98 value=0x0201000000001140
  regcmd_qword[148] off=0xe1ca0 value=0x0201000000001144
  regcmd_qword[149] off=0xe1ca8 value=0x0201000000001148
  regcmd_qword[150] off=0xe1cb0 value=0x020100000000114c
  regcmd_qword[151] off=0xe1cb8 value=0x0201000000001150
  regcmd_qword[152] off=0xe1cc0 value=0x0201000000001154
  regcmd_qword[153] off=0xe1cc8 value=0x0201000000001158
  regcmd_qword[154] off=0xe1cd0 value=0x020100000000115c
  regcmd_qword[155] off=0xe1cd8 value=0x0201000000001160
  regcmd_qword[156] off=0xe1ce0 value=0x0201000000001164
  regcmd_qword[157] off=0xe1ce8 value=0x0201000000001168
  regcmd_qword[158] off=0xe1cf0 value=0x020100000000116c
  regcmd_qword[159] off=0xe1cf8 value=0x0201000000001170
  regcmd_qword[160] off=0xe1d00 value=0x0201000000001174
  regcmd_qword[161] off=0xe1d08 value=0x0201000000001178
  regcmd_qword[162] off=0xe1d10 value=0x020100000000117c
  regcmd_qword[163] off=0xe1d18 value=0x0201000000001180
  regcmd_qword[164] off=0xe1d20 value=0x0201000000001184
  regcmd_qword[165] off=0xe1d28 value=0x0801000002003010
  regcmd_qword[166] off=0xe1d30 value=0x0801001000253014
  regcmd_qword[167] off=0xe1d38 value=0x08010000013f3018
  regcmd_qword[168] off=0xe1d40 value=0x080100000000301c
  regcmd_qword[169] off=0xe1d48 value=0x0801000000003030
  regcmd_qword[170] off=0xe1d50 value=0x1001000001e4400c
  regcmd_qword[171] off=0xe1d58 value=0x1001480000024010
  regcmd_qword[172] off=0xe1d60 value=0x1001000000004014
  regcmd_qword[173] off=0xe1d68 value=0x1001ffc3f1e04020
  regcmd_qword[174] off=0xe1d70 value=0x100100005a404024
  regcmd_qword[175] off=0xe1d78 value=0x1001000000254030
  regcmd_qword[176] off=0xe1d80 value=0x1001000000104034
  regcmd_qword[177] off=0xe1d88 value=0x1001000000004038
  regcmd_qword[178] off=0xe1d90 value=0x1001013f013f403c
  regcmd_qword[179] off=0xe1d98 value=0x1001000000534040
  regcmd_qword[180] off=0xe1da0 value=0x1001000000004044
  regcmd_qword[181] off=0xe1da8 value=0x1001000000004048
  regcmd_qword[182] off=0xe1db0 value=0x100100000000404c
  regcmd_qword[183] off=0xe1db8 value=0x1001000001264050
  regcmd_qword[184] off=0xe1dc0 value=0x1001000000004054
  regcmd_qword[185] off=0xe1dc8 value=0x10010000013f4058
  regcmd_qword[186] off=0xe1dd0 value=0x100100100025405c
  regcmd_qword[187] off=0xe1dd8 value=0x1001000000534060
  regcmd_qword[188] off=0xe1de0 value=0x1001000000004064
  regcmd_qword[189] off=0xe1de8 value=0x1001000000004068
  regcmd_qword[190] off=0xe1df0 value=0x100100000000406c
  regcmd_qword[191] off=0xe1df8 value=0x1001000003834070
  regcmd_qword[192] off=0xe1e00 value=0x1001000000004074
  regcmd_qword[193] off=0xe1e08 value=0x1001000000014078
  regcmd_qword[194] off=0xe1e10 value=0x100100000000407c
  regcmd_qword[195] off=0xe1e18 value=0x1001000000004080
  regcmd_qword[196] off=0xe1e20 value=0x1001000100014084
  regcmd_qword[197] off=0xe1e28 value=0x1001000000004088
  regcmd_qword[198] off=0xe1e30 value=0x1001000000004090
  regcmd_qword[199] off=0xe1e38 value=0x1001000000004094
  regcmd_qword[200] off=0xe1e40 value=0x1001000000004098
  regcmd_qword[201] off=0xe1e48 value=0x100100000000409c
  regcmd_qword[202] off=0xe1e50 value=0x10010000000040a0
  regcmd_qword[203] off=0xe1e58 value=0x10010000000040a4
  regcmd_qword[204] off=0xe1e60 value=0x10010000000040a8
  regcmd_qword[205] off=0xe1e68 value=0x10010000000040ac
  regcmd_qword[206] off=0xe1e70 value=0x10010000b48040c0
  regcmd_qword[207] off=0xe1e78 value=0x10010000000040c4
  regcmd_qword[208] off=0xe1e80 value=0x1001000000004100
  regcmd_qword[209] off=0xe1e88 value=0x1001000000004104
  regcmd_qword[210] off=0xe1e90 value=0x1001000000004108
  regcmd_qword[211] off=0xe1e98 value=0x100100000000410c
  regcmd_qword[212] off=0xe1ea0 value=0x1001000000004110
  regcmd_qword[213] off=0xe1ea8 value=0x1001000000004114
  regcmd_qword[214] off=0xe1eb0 value=0x1001000000004118
  regcmd_qword[215] off=0xe1eb8 value=0x100100000000411c
  regcmd_qword[216] off=0xe1ec0 value=0x1001000000004120
  regcmd_qword[217] off=0xe1ec8 value=0x1001000000004124
  regcmd_qword[218] off=0xe1ed0 value=0x1001000000004128
  regcmd_qword[219] off=0xe1ed8 value=0x100100000000412c
  regcmd_qword[220] off=0xe1ee0 value=0x0000000000000000
  regcmd_qword[221] off=0xe1ee8 value=0x0101000000000014
  regcmd_qword[222] off=0xe1ef0 value=0x0041000000000000
  regcmd_qword[223] off=0xe1ef8 value=0x00810000000d0008
  regcmd_qword[224] off=0xe1f00 value=0x10010000000e4004
  regcmd_qword[225] off=0xe1f08 value=0x020100000120100c
  regcmd_qword[226] off=0xe1f10 value=0x0201400000c01010
  regcmd_qword[227] off=0xe1f18 value=0x0201000000091014
  regcmd_qword[228] off=0xe1f20 value=0x0201002800171020
  regcmd_qword[229] off=0xe1f28 value=0x0201001f00a01024
  regcmd_qword[230] off=0xe1f30 value=0x0201000000261028
  regcmd_qword[231] off=0xe1f38 value=0x02010000031e102c
  regcmd_qword[232] off=0xe1f40 value=0x0201000708001030
  regcmd_qword[233] off=0xe1f48 value=0x020100000b401034
  regcmd_qword[234] off=0xe1f50 value=0x0201030300a01038
  regcmd_qword[235] off=0xe1f58 value=0x0201000000391040
  regcmd_qword[236] off=0xe1f60 value=0x0201000000c81044
  regcmd_qword[237] off=0xe1f68 value=0x02010000000b104c
  regcmd_qword[238] off=0xe1f70 value=0x0201000100001050
  regcmd_qword[239] off=0xe1f78 value=0x0201000100001054
  regcmd_qword[240] off=0xe1f80 value=0x0201000100001058
  regcmd_qword[241] off=0xe1f88 value=0x020100010000105c
  regcmd_qword[242] off=0xe1f90 value=0x0201000000001060
  regcmd_qword[243] off=0xe1f98 value=0x0201000000001064
  regcmd_qword[244] off=0xe1fa0 value=0x0201000000001068
  regcmd_qword[245] off=0xe1fa8 value=0x0201ffd1e0001070
  regcmd_qword[246] off=0xe1fb0 value=0x0201000000001074
  regcmd_qword[247] off=0xe1fb8 value=0x0201000f000f1078
  regcmd_qword[248] off=0xe1fc0 value=0x0201000000a0107c
  regcmd_qword[249] off=0xe1fc8 value=0x0201000005a01080
  regcmd_qword[250] off=0xe1fd0 value=0x0201002800171084
  regcmd_qword[251] off=0xe1fd8 value=0x0201000000a01088
  regcmd_qword[252] off=0xe1fe0 value=0x0201000000001100
  regcmd_qword[253] off=0xe1fe8 value=0x0201000000001104
  regcmd_qword[254] off=0xe1ff0 value=0x0201ffefa0001110
  regcmd_qword[255] off=0xe1ff8 value=0x0201000000001140
  regcmd_qword[256] off=0xe2000 value=0x0201000000001144
  regcmd_qword[257] off=0xe2008 value=0x0201000000001148
  regcmd_qword[258] off=0xe2010 value=0x020100000000114c
  regcmd_qword[259] off=0xe2018 value=0x0201000000001150
  regcmd_qword[260] off=0xe2020 value=0x0201000000001154
  regcmd_qword[261] off=0xe2028 value=0x0201000000001158
  regcmd_qword[262] off=0xe2030 value=0x020100000000115c
  regcmd_qword[263] off=0xe2038 value=0x0201000000001160
  regcmd_qword[264] off=0xe2040 value=0x0201000000001164
  regcmd_qword[265] off=0xe2048 value=0x0201000000001168
  regcmd_qword[266] off=0xe2050 value=0x020100000000116c
  regcmd_qword[267] off=0xe2058 value=0x0201000000001170
  regcmd_qword[268] off=0xe2060 value=0x0201000000001174
  regcmd_qword[269] off=0xe2068 value=0x0201000000001178
  regcmd_qword[270] off=0xe2070 value=0x020100000000117c
  regcmd_qword[271] off=0xe2078 value=0x0201000000001180
  regcmd_qword[272] off=0xe2080 value=0x0201000000001184
  regcmd_qword[273] off=0xe2088 value=0x0801000002003010
  regcmd_qword[274] off=0xe2090 value=0x0801001400253014
  regcmd_qword[275] off=0xe2098 value=0x08010000009f3018
  regcmd_qword[276] off=0xe20a0 value=0x080100000000301c
  regcmd_qword[277] off=0xe20a8 value=0x0801000000003030
  regcmd_qword[278] off=0xe20b0 value=0x1001000001e4400c
  regcmd_qword[279] off=0xe20b8 value=0x1001480000024010
  regcmd_qword[280] off=0xe20c0 value=0x1001000000004014
  regcmd_qword[281] off=0xe20c8 value=0x1001ffc3c0004020
  regcmd_qword[282] off=0xe20d0 value=0x100100005a404024
  regcmd_qword[283] off=0xe20d8 value=0x1001000000254030
  regcmd_qword[284] off=0xe20e0 value=0x1001000000144034
  regcmd_qword[285] off=0xe20e8 value=0x1001000000004038
  regcmd_qword[286] off=0xe20f0 value=0x1001009f009f403c
  regcmd_qword[287] off=0xe20f8 value=0x1001000000534040
  regcmd_qword[288] off=0xe2100 value=0x1001000000004044
  regcmd_qword[289] off=0xe2108 value=0x1001000000004048
  regcmd_qword[290] off=0xe2110 value=0x100100000000404c
  regcmd_qword[291] off=0xe2118 value=0x1001000001264050
  regcmd_qword[292] off=0xe2120 value=0x1001000000004054
  regcmd_qword[293] off=0xe2128 value=0x10010000009f4058
  regcmd_qword[294] off=0xe2130 value=0x100100140025405c
  regcmd_qword[295] off=0xe2138 value=0x1001000000534060
  regcmd_qword[296] off=0xe2140 value=0x1001000000004064
  regcmd_qword[297] off=0xe2148 value=0x1001000000004068
  regcmd_qword[298] off=0xe2150 value=0x100100000000406c
  regcmd_qword[299] off=0xe2158 value=0x1001000003834070
  regcmd_qword[300] off=0xe2160 value=0x1001000000004074
  regcmd_qword[301] off=0xe2168 value=0x1001000000014078
  regcmd_qword[302] off=0xe2170 value=0x100100000000407c
  regcmd_qword[303] off=0xe2178 value=0x1001000000004080
  regcmd_qword[304] off=0xe2180 value=0x1001000100014084
  regcmd_qword[305] off=0xe2188 value=0x1001000000004088
  regcmd_qword[306] off=0xe2190 value=0x1001000000004090
  regcmd_qword[307] off=0xe2198 value=0x1001000000004094
  regcmd_qword[308] off=0xe21a0 value=0x1001000000004098
  regcmd_qword[309] off=0xe21a8 value=0x100100000000409c
  regcmd_qword[310] off=0xe21b0 value=0x10010000000040a0
  regcmd_qword[311] off=0xe21b8 value=0x10010000000040a4
  regcmd_qword[312] off=0xe21c0 value=0x10010000000040a8
  regcmd_qword[313] off=0xe21c8 value=0x10010000000040ac
  regcmd_qword[314] off=0xe21d0 value=0x10010000b48040c0
  regcmd_qword[315] off=0xe21d8 value=0x10010000000040c4
  regcmd_qword[316] off=0xe21e0 value=0x1001000000004100
  regcmd_qword[317] off=0xe21e8 value=0x1001000000004104
  regcmd_qword[318] off=0xe21f0 value=0x1001000000004108
  regcmd_qword[319] off=0xe21f8 value=0x100100000000410c
  regcmd_qword[320] off=0xe2200 value=0x1001000000004110
  regcmd_qword[321] off=0xe2208 value=0x1001000000004114
  regcmd_qword[322] off=0xe2210 value=0x1001000000004118
  regcmd_qword[323] off=0xe2218 value=0x100100000000411c
  regcmd_qword[324] off=0xe2220 value=0x1001000000004120
  regcmd_qword[325] off=0xe2228 value=0x1001000000004124
  regcmd_qword[326] off=0xe2230 value=0x1001000000004128
  regcmd_qword[327] off=0xe2238 value=0x100100000000412c
  regcmd_qword[328] off=0xe2240 value=0x0101fffdc2800010
  regcmd_qword[329] off=0xe2248 value=0x0101000100350014
  regcmd_qword[330] off=0xe2250 value=0x0041000000000000
  regcmd_qword[331] off=0xe2258 value=0x00810000000d0008
  regcmd_qword[332] off=0xe2260 value=0x0000000000000000
  regcmd_qword[333] off=0xe2268 value=0x0000000000000000
  regcmd_qword[334] off=0xe2270 value=0x0000000000000000
  regcmd_qword[335] off=0xe2278 value=0x0000000000000000
  regcmd_qword[336] off=0xe2280 value=0x10010000000e4004
  regcmd_qword[337] off=0xe2288 value=0x020100000120100c
  regcmd_qword[338] off=0xe2290 value=0x0201400000c01010
  regcmd_qword[339] off=0xe2298 value=0x0201000000091014
  regcmd_qword[340] off=0xe22a0 value=0x0201002800131020
  regcmd_qword[341] off=0xe22a8 value=0x0201001f00a01024
  regcmd_qword[342] off=0xe22b0 value=0x0201000000261028
  regcmd_qword[343] off=0xe22b8 value=0x020100000286102c
  regcmd_qword[344] off=0xe22c0 value=0x0201000708001030
  regcmd_qword[345] off=0xe22c8 value=0x020100000b401034
  regcmd_qword[346] off=0xe22d0 value=0x0201030300a01038
  regcmd_qword[347] off=0xe22d8 value=0x0201000000391040
  regcmd_qword[348] off=0xe22e0 value=0x0201000000c81044
  regcmd_qword[349] off=0xe22e8 value=0x02010000000b104c
  regcmd_qword[350] off=0xe22f0 value=0x0201000100001050
  regcmd_qword[351] off=0xe22f8 value=0x0201000100001054
  regcmd_qword[352] off=0xe2300 value=0x0201000100001058
  regcmd_qword[353] off=0xe2308 value=0x020100010000105c
  regcmd_qword[354] off=0xe2310 value=0x0201000000001060
  regcmd_qword[355] off=0xe2318 value=0x0201000000001064
  regcmd_qword[356] off=0xe2320 value=0x0201000000001068
  regcmd_qword[357] off=0xe2328 value=0x0201ffd214801070
  regcmd_qword[358] off=0xe2330 value=0x0201000000001074
  regcmd_qword[359] off=0xe2338 value=0x0201000f000f1078
  regcmd_qword[360] off=0xe2340 value=0x0201000000a0107c
  regcmd_qword[361] off=0xe2348 value=0x0201000005a01080
  regcmd_qword[362] off=0xe2350 value=0x0201002800131084
  regcmd_qword[363] off=0xe2358 value=0x0201000000a01088
  regcmd_qword[364] off=0xe2360 value=0x0201000000001100
  regcmd_qword[365] off=0xe2368 value=0x0201000000001104
  regcmd_qword[366] off=0xe2370 value=0x0201ffefa0001110
  regcmd_qword[367] off=0xe2378 value=0x0201000000001140
  regcmd_qword[368] off=0xe2380 value=0x0201000000001144
  regcmd_qword[369] off=0xe2388 value=0x0201000000001148
  regcmd_qword[370] off=0xe2390 value=0x020100000000114c
  regcmd_qword[371] off=0xe2398 value=0x0201000000001150
  regcmd_qword[372] off=0xe23a0 value=0x0201000000001154
  regcmd_qword[373] off=0xe23a8 value=0x0201000000001158
  regcmd_qword[374] off=0xe23b0 value=0x020100000000115c
  regcmd_qword[375] off=0xe23b8 value=0x0201000000001160
  regcmd_qword[376] off=0xe23c0 value=0x0201000000001164
  regcmd_qword[377] off=0xe23c8 value=0x0201000000001168
  regcmd_qword[378] off=0xe23d0 value=0x020100000000116c
  regcmd_qword[379] off=0xe23d8 value=0x0201000000001170
  regcmd_qword[380] off=0xe23e0 value=0x0201000000001174
  regcmd_qword[381] off=0xe23e8 value=0x0201000000001178
  regcmd_qword[382] off=0xe23f0 value=0x020100000000117c
  regcmd_qword[383] off=0xe23f8 value=0x0201000000001180
  regcmd_qword[384] off=0xe2400 value=0x0201000000001184
  regcmd_qword[385] off=0xe2408 value=0x0801000002003010
  regcmd_qword[386] off=0xe2410 value=0x0801001000253014
  regcmd_qword[387] off=0xe2418 value=0x08010000009f3018
  regcmd_qword[388] off=0xe2420 value=0x080100000000301c
  regcmd_qword[389] off=0xe2428 value=0x0801000000003030
  regcmd_qword[390] off=0xe2430 value=0x1001000001e4400c
  regcmd_qword[391] off=0xe2438 value=0x1001480000024010
  regcmd_qword[392] off=0xe2440 value=0x1001000000004014
  regcmd_qword[393] off=0xe2448 value=0x1001ffc3f1e04020
  regcmd_qword[394] off=0xe2450 value=0x100100005a404024
  regcmd_qword[395] off=0xe2458 value=0x1001000000254030
  regcmd_qword[396] off=0xe2460 value=0x1001000000104034
  regcmd_qword[397] off=0xe2468 value=0x1001000000004038
  regcmd_qword[398] off=0xe2470 value=0x1001009f009f403c
  regcmd_qword[399] off=0xe2478 value=0x1001000000534040
  regcmd_qword[400] off=0xe2480 value=0x1001000000004044
  regcmd_qword[401] off=0xe2488 value=0x1001000000004048
  regcmd_qword[402] off=0xe2490 value=0x100100000000404c
  regcmd_qword[403] off=0xe2498 value=0x1001000001264050
  regcmd_qword[404] off=0xe24a0 value=0x1001000000004054
  regcmd_qword[405] off=0xe24a8 value=0x10010000009f4058
  regcmd_qword[406] off=0xe24b0 value=0x100100100025405c
  regcmd_qword[407] off=0xe24b8 value=0x1001000000534060
  regcmd_qword[408] off=0xe24c0 value=0x1001000000004064
  regcmd_qword[409] off=0xe24c8 value=0x1001000000004068
  regcmd_qword[410] off=0xe24d0 value=0x100100000000406c
  regcmd_qword[411] off=0xe24d8 value=0x1001000003834070
  regcmd_qword[412] off=0xe24e0 value=0x1001000000004074
  regcmd_qword[413] off=0xe24e8 value=0x1001000000014078
  regcmd_qword[414] off=0xe24f0 value=0x100100000000407c
  regcmd_qword[415] off=0xe24f8 value=0x1001000000004080
  regcmd_qword[416] off=0xe2500 value=0x1001000100014084
  regcmd_qword[417] off=0xe2508 value=0x1001000000004088
  regcmd_qword[418] off=0xe2510 value=0x1001000000004090
  regcmd_qword[419] off=0xe2518 value=0x1001000000004094
  regcmd_qword[420] off=0xe2520 value=0x1001000000004098
  regcmd_qword[421] off=0xe2528 value=0x100100000000409c
  regcmd_qword[422] off=0xe2530 value=0x10010000000040a0
  regcmd_qword[423] off=0xe2538 value=0x10010000000040a4
  regcmd_qword[424] off=0xe2540 value=0x10010000000040a8
  regcmd_qword[425] off=0xe2548 value=0x10010000000040ac
  regcmd_qword[426] off=0xe2550 value=0x10010000b48040c0
  regcmd_qword[427] off=0xe2558 value=0x10010000000040c4
  regcmd_qword[428] off=0xe2560 value=0x1001000000004100
  regcmd_qword[429] off=0xe2568 value=0x1001000000004104
  regcmd_qword[430] off=0xe2570 value=0x1001000000004108
  regcmd_qword[431] off=0xe2578 value=0x100100000000410c
  regcmd_qword[432] off=0xe2580 value=0x1001000000004110
  regcmd_qword[433] off=0xe2588 value=0x1001000000004114
  regcmd_qword[434] off=0xe2590 value=0x1001000000004118
  regcmd_qword[435] off=0xe2598 value=0x100100000000411c
  regcmd_qword[436] off=0xe25a0 value=0x1001000000004120
  regcmd_qword[437] off=0xe25a8 value=0x1001000000004124
  regcmd_qword[438] off=0xe25b0 value=0x1001000000004128
  regcmd_qword[439] off=0xe25b8 value=0x100100000000412c
  regcmd_qword[440] off=0xe25c0 value=0x0101fffdc6000010
  regcmd_qword[441] off=0xe25c8 value=0x01010001000e0014
  regcmd_qword[442] off=0xe25d0 value=0x0041000000000000
  regcmd_qword[443] off=0xe25d8 value=0x00810000000d0008
  regcmd_qword[444] off=0xe25e0 value=0x0000000000000000
  regcmd_qword[445] off=0xe25e8 value=0x0000000000000000
  regcmd_qword[446] off=0xe25f0 value=0x0000000000000000
  regcmd_qword[447] off=0xe25f8 value=0x0000000000000000
  regcmd_qword[448] off=0xe2600 value=0x40010000000e6004
  regcmd_qword[449] off=0xe2608 value=0x80010000000e7004
  regcmd_qword[450] off=0xe2610 value=0x400100000000600c
  regcmd_qword[451] off=0xe2618 value=0x4001000000006010
  regcmd_qword[452] off=0xe2620 value=0x40010000001f6014
  regcmd_qword[453] off=0xe2628 value=0x4001000000006018
  regcmd_qword[454] off=0xe2630 value=0x400100000000601c
  regcmd_qword[455] off=0xe2638 value=0x40010000001f6020
  regcmd_qword[456] off=0xe2640 value=0x4001000000116024
  regcmd_qword[457] off=0xe2648 value=0x4001000000006034
  regcmd_qword[458] off=0xe2650 value=0x4001000000006038
  regcmd_qword[459] off=0xe2658 value=0x400100000000603c
  regcmd_qword[460] off=0xe2660 value=0x4001000000006040
  regcmd_qword[461] off=0xe2668 value=0x4001000000006044
  regcmd_qword[462] off=0xe2670 value=0x4001000000006048
  regcmd_qword[463] off=0xe2678 value=0x4001fffdb0006070
  regcmd_qword[464] off=0xe2680 value=0x400100000010607c
  regcmd_qword[465] off=0xe2688 value=0x4001000000106084
  regcmd_qword[466] off=0xe2690 value=0x40010000000360dc
  regcmd_qword[467] off=0xe2698 value=0x800100000000700c
  regcmd_qword[468] off=0xe26a0 value=0x8001000000007010
  regcmd_qword[469] off=0xe26a8 value=0x80010000001f7014
  regcmd_qword[470] off=0xe26b0 value=0x8001fffdb400701c
  regcmd_qword[471] off=0xe26b8 value=0x8001000000107024
  regcmd_qword[472] off=0xe26c0 value=0x8001000000107028
  regcmd_qword[473] off=0xe26c8 value=0x8001000000017030
  regcmd_qword[474] off=0xe26d0 value=0x0000000000000000
  regcmd_qword[475] off=0xe26d8 value=0x0101000000000014
  regcmd_qword[476] off=0xe26e0 value=0x0041000000000000
  regcmd_qword[477] off=0xe26e8 value=0x0081000000600008
  regcmd_qword[478] off=0xe26f0 value=0x0000000000000000
  regcmd_qword[479] off=0xe26f8 value=0x0000000000000000
  regcmd_qword[480] off=0xe2700 value=0x10010000000e4004
  regcmd_qword[481] off=0xe2708 value=0x020100000120100c
  regcmd_qword[482] off=0xe2710 value=0x0201400000c01010
  regcmd_qword[483] off=0xe2718 value=0x0201000000091014
  regcmd_qword[484] off=0xe2720 value=0x0201002800171020
  regcmd_qword[485] off=0xe2728 value=0x0201001f00a01024
  regcmd_qword[486] off=0xe2730 value=0x0201000000261028
  regcmd_qword[487] off=0xe2738 value=0x02010000031e102c
  regcmd_qword[488] off=0xe2740 value=0x0201000708001030
  regcmd_qword[489] off=0xe2748 value=0x020100000b401034
  regcmd_qword[490] off=0xe2750 value=0x0201030300a01038
  regcmd_qword[491] off=0xe2758 value=0x0201000000391040
  regcmd_qword[492] off=0xe2760 value=0x0201000000c81044
  regcmd_qword[493] off=0xe2768 value=0x02010000000b104c
  regcmd_qword[494] off=0xe2770 value=0x0201000100001050
  regcmd_qword[495] off=0xe2778 value=0x0201000100001054
  regcmd_qword[496] off=0xe2780 value=0x0201000100001058
  regcmd_qword[497] off=0xe2788 value=0x020100010000105c
  regcmd_qword[498] off=0xe2790 value=0x0201000000001060
  regcmd_qword[499] off=0xe2798 value=0x0201000000001064
  regcmd_qword[500] off=0xe27a0 value=0x0201000000001068
  regcmd_qword[501] off=0xe27a8 value=0x0201ffd1e0001070
  regcmd_qword[502] off=0xe27b0 value=0x0201000000001074
  regcmd_qword[503] off=0xe27b8 value=0x0201000f000f1078
  regcmd_qword[504] off=0xe27c0 value=0x0201000000a0107c
  regcmd_qword[505] off=0xe27c8 value=0x0201000005a01080
  regcmd_qword[506] off=0xe27d0 value=0x0201002800171084
  regcmd_qword[507] off=0xe27d8 value=0x0201000000a01088
  regcmd_qword[508] off=0xe27e0 value=0x0201000000001100
  regcmd_qword[509] off=0xe27e8 value=0x0201000000001104
  regcmd_qword[510] off=0xe27f0 value=0x0201fff6a8001110
  regcmd_qword[511] off=0xe27f8 value=0x0201000000001140
  regcmd_qword[512] off=0xe2800 value=0x0201000000001144
  regcmd_qword[513] off=0xe2808 value=0x0201000000001148
  regcmd_qword[514] off=0xe2810 value=0x020100000000114c
  regcmd_qword[515] off=0xe2818 value=0x0201000000001150
  regcmd_qword[516] off=0xe2820 value=0x0201000000001154
  regcmd_qword[517] off=0xe2828 value=0x0201000000001158
  regcmd_qword[518] off=0xe2830 value=0x020100000000115c
  regcmd_qword[519] off=0xe2838 value=0x0201000000001160
  regcmd_qword[520] off=0xe2840 value=0x0201000000001164
  regcmd_qword[521] off=0xe2848 value=0x0201000000001168
  regcmd_qword[522] off=0xe2850 value=0x020100000000116c
  regcmd_qword[523] off=0xe2858 value=0x0201000000001170
  regcmd_qword[524] off=0xe2860 value=0x0201000000001174
  regcmd_qword[525] off=0xe2868 value=0x0201000000001178
  regcmd_qword[526] off=0xe2870 value=0x020100000000117c
  regcmd_qword[527] off=0xe2878 value=0x0201000000001180
  regcmd_qword[528] off=0xe2880 value=0x0201000000001184
  regcmd_qword[529] off=0xe2888 value=0x0801000002003010
  regcmd_qword[530] off=0xe2890 value=0x0801001400253014
  regcmd_qword[531] off=0xe2898 value=0x08010000009f3018
  regcmd_qword[532] off=0xe28a0 value=0x080100000000301c
  regcmd_qword[533] off=0xe28a8 value=0x0801000000003030
  regcmd_qword[534] off=0xe28b0 value=0x1001000001e4400c
  regcmd_qword[535] off=0xe28b8 value=0x1001480000024010
  regcmd_qword[536] off=0xe28c0 value=0x1001000000004014
  regcmd_qword[537] off=0xe28c8 value=0x1001ffcacd004020
  regcmd_qword[538] off=0xe28d0 value=0x100100005a404024
  regcmd_qword[539] off=0xe28d8 value=0x1001000000254030
  regcmd_qword[540] off=0xe28e0 value=0x1001000000144034
  regcmd_qword[541] off=0xe28e8 value=0x1001000000004038
  regcmd_qword[542] off=0xe28f0 value=0x1001009f009f403c
  regcmd_qword[543] off=0xe28f8 value=0x1001000000534040
  regcmd_qword[544] off=0xe2900 value=0x1001000000004044
  regcmd_qword[545] off=0xe2908 value=0x1001000000004048
  regcmd_qword[546] off=0xe2910 value=0x100100000000404c
  regcmd_qword[547] off=0xe2918 value=0x1001000001264050
  regcmd_qword[548] off=0xe2920 value=0x1001000000004054
  regcmd_qword[549] off=0xe2928 value=0x10010000009f4058
  regcmd_qword[550] off=0xe2930 value=0x100100140025405c
  regcmd_qword[551] off=0xe2938 value=0x1001000000534060
  regcmd_qword[552] off=0xe2940 value=0x1001000000004064
  regcmd_qword[553] off=0xe2948 value=0x1001000000004068
  regcmd_qword[554] off=0xe2950 value=0x100100000000406c
  regcmd_qword[555] off=0xe2958 value=0x1001000003834070
  regcmd_qword[556] off=0xe2960 value=0x1001000000004074
  regcmd_qword[557] off=0xe2968 value=0x1001000000014078
  regcmd_qword[558] off=0xe2970 value=0x100100000000407c
  regcmd_qword[559] off=0xe2978 value=0x1001000000004080
  regcmd_qword[560] off=0xe2980 value=0x1001000100014084
  regcmd_qword[561] off=0xe2988 value=0x1001000000004088
  regcmd_qword[562] off=0xe2990 value=0x1001000000004090
  regcmd_qword[563] off=0xe2998 value=0x1001000000004094
  regcmd_qword[564] off=0xe29a0 value=0x1001000000004098
  regcmd_qword[565] off=0xe29a8 value=0x100100000000409c
  regcmd_qword[566] off=0xe29b0 value=0x10010000000040a0
  regcmd_qword[567] off=0xe29b8 value=0x10010000000040a4
  regcmd_qword[568] off=0xe29c0 value=0x10010000000040a8
  regcmd_qword[569] off=0xe29c8 value=0x10010000000040ac
  regcmd_qword[570] off=0xe29d0 value=0x10010000b48040c0
  regcmd_qword[571] off=0xe29d8 value=0x10010000000040c4
  regcmd_qword[572] off=0xe29e0 value=0x1001000000004100
  regcmd_qword[573] off=0xe29e8 value=0x1001000000004104
  regcmd_qword[574] off=0xe29f0 value=0x1001000000004108
  regcmd_qword[575] off=0xe29f8 value=0x100100000000410c
  regcmd_qword[576] off=0xe2a00 value=0x1001000000004110
  regcmd_qword[577] off=0xe2a08 value=0x1001000000004114
  regcmd_qword[578] off=0xe2a10 value=0x1001000000004118
  regcmd_qword[579] off=0xe2a18 value=0x100100000000411c
  regcmd_qword[580] off=0xe2a20 value=0x1001000000004120
  regcmd_qword[581] off=0xe2a28 value=0x1001000000004124
  regcmd_qword[582] off=0xe2a30 value=0x1001000000004128
  regcmd_qword[583] off=0xe2a38 value=0x100100000000412c
  regcmd_qword[584] off=0xe2a40 value=0x0101fffdca800010
  regcmd_qword[585] off=0xe2a48 value=0x0101000100350014
  regcmd_qword[586] off=0xe2a50 value=0x0041000000000000
  regcmd_qword[587] off=0xe2a58 value=0x00810000000d0008
  regcmd_qword[588] off=0xe2a60 value=0x0000000000000000
  regcmd_qword[589] off=0xe2a68 value=0x0000000000000000
  regcmd_qword[590] off=0xe2a70 value=0x0000000000000000
  regcmd_qword[591] off=0xe2a78 value=0x0000000000000000
  regcmd_qword[592] off=0xe2a80 value=0x10010000000e4004
  regcmd_qword[593] off=0xe2a88 value=0x020100000120100c
  regcmd_qword[594] off=0xe2a90 value=0x0201400000c01010
  regcmd_qword[595] off=0xe2a98 value=0x0201000000091014
  regcmd_qword[596] off=0xe2aa0 value=0x0201002800131020
  regcmd_qword[597] off=0xe2aa8 value=0x0201001f00a01024
  regcmd_qword[598] off=0xe2ab0 value=0x0201000000261028
  regcmd_qword[599] off=0xe2ab8 value=0x020100000286102c
  regcmd_qword[600] off=0xe2ac0 value=0x0201000708001030
  regcmd_qword[601] off=0xe2ac8 value=0x020100000b401034
  regcmd_qword[602] off=0xe2ad0 value=0x0201030300a01038
  regcmd_qword[603] off=0xe2ad8 value=0x0201000000391040
  regcmd_qword[604] off=0xe2ae0 value=0x0201000000c81044
  regcmd_qword[605] off=0xe2ae8 value=0x02010000000b104c
  regcmd_qword[606] off=0xe2af0 value=0x0201000100001050
  regcmd_qword[607] off=0xe2af8 value=0x0201000100001054
  regcmd_qword[608] off=0xe2b00 value=0x0201000100001058
  regcmd_qword[609] off=0xe2b08 value=0x020100010000105c
  regcmd_qword[610] off=0xe2b10 value=0x0201000000001060
  regcmd_qword[611] off=0xe2b18 value=0x0201000000001064
  regcmd_qword[612] off=0xe2b20 value=0x0201000000001068
  regcmd_qword[613] off=0xe2b28 value=0x0201ffd214801070
  regcmd_qword[614] off=0xe2b30 value=0x0201000000001074
  regcmd_qword[615] off=0xe2b38 value=0x0201000f000f1078
  regcmd_qword[616] off=0xe2b40 value=0x0201000000a0107c
  regcmd_qword[617] off=0xe2b48 value=0x0201000005a01080
  regcmd_qword[618] off=0xe2b50 value=0x0201002800131084
  regcmd_qword[619] off=0xe2b58 value=0x0201000000a01088
  regcmd_qword[620] off=0xe2b60 value=0x0201000000001100
  regcmd_qword[621] off=0xe2b68 value=0x0201000000001104
  regcmd_qword[622] off=0xe2b70 value=0x0201fff6a8001110
  regcmd_qword[623] off=0xe2b78 value=0x0201000000001140
  regcmd_qword[624] off=0xe2b80 value=0x0201000000001144
  regcmd_qword[625] off=0xe2b88 value=0x0201000000001148
  regcmd_qword[626] off=0xe2b90 value=0x020100000000114c
  regcmd_qword[627] off=0xe2b98 value=0x0201000000001150
  regcmd_qword[628] off=0xe2ba0 value=0x0201000000001154
  regcmd_qword[629] off=0xe2ba8 value=0x0201000000001158
  regcmd_qword[630] off=0xe2bb0 value=0x020100000000115c
  regcmd_qword[631] off=0xe2bb8 value=0x0201000000001160
  regcmd_qword[632] off=0xe2bc0 value=0x0201000000001164
  regcmd_qword[633] off=0xe2bc8 value=0x0201000000001168
  regcmd_qword[634] off=0xe2bd0 value=0x020100000000116c
  regcmd_qword[635] off=0xe2bd8 value=0x0201000000001170
  regcmd_qword[636] off=0xe2be0 value=0x0201000000001174
  regcmd_qword[637] off=0xe2be8 value=0x0201000000001178
  regcmd_qword[638] off=0xe2bf0 value=0x020100000000117c
  regcmd_qword[639] off=0xe2bf8 value=0x0201000000001180
  regcmd_qword[640] off=0xe2c00 value=0x0201000000001184
  regcmd_qword[641] off=0xe2c08 value=0x0801000002003010
  regcmd_qword[642] off=0xe2c10 value=0x0801001000253014
  regcmd_qword[643] off=0xe2c18 value=0x08010000009f3018
  regcmd_qword[644] off=0xe2c20 value=0x080100000000301c
  regcmd_qword[645] off=0xe2c28 value=0x0801000000003030
  regcmd_qword[646] off=0xe2c30 value=0x1001000001e4400c
  regcmd_qword[647] off=0xe2c38 value=0x1001480000024010
  regcmd_qword[648] off=0xe2c40 value=0x1001000000004014
  regcmd_qword[649] off=0xe2c48 value=0x1001ffcafee04020
  regcmd_qword[650] off=0xe2c50 value=0x100100005a404024
  regcmd_qword[651] off=0xe2c58 value=0x1001000000254030
  regcmd_qword[652] off=0xe2c60 value=0x1001000000104034
  regcmd_qword[653] off=0xe2c68 value=0x1001000000004038
  regcmd_qword[654] off=0xe2c70 value=0x1001009f009f403c
  regcmd_qword[655] off=0xe2c78 value=0x1001000000534040
  regcmd_qword[656] off=0xe2c80 value=0x1001000000004044
  regcmd_qword[657] off=0xe2c88 value=0x1001000000004048
  regcmd_qword[658] off=0xe2c90 value=0x100100000000404c
  regcmd_qword[659] off=0xe2c98 value=0x1001000001264050
  regcmd_qword[660] off=0xe2ca0 value=0x1001000000004054
  regcmd_qword[661] off=0xe2ca8 value=0x10010000009f4058
  regcmd_qword[662] off=0xe2cb0 value=0x100100100025405c
  regcmd_qword[663] off=0xe2cb8 value=0x1001000000534060
  regcmd_qword[664] off=0xe2cc0 value=0x1001000000004064
  regcmd_qword[665] off=0xe2cc8 value=0x1001000000004068
  regcmd_qword[666] off=0xe2cd0 value=0x100100000000406c
  regcmd_qword[667] off=0xe2cd8 value=0x1001000003834070
  regcmd_qword[668] off=0xe2ce0 value=0x1001000000004074
  regcmd_qword[669] off=0xe2ce8 value=0x1001000000014078
  regcmd_qword[670] off=0xe2cf0 value=0x100100000000407c
  regcmd_qword[671] off=0xe2cf8 value=0x1001000000004080
  regcmd_qword[672] off=0xe2d00 value=0x1001000100014084
  regcmd_qword[673] off=0xe2d08 value=0x1001000000004088
  regcmd_qword[674] off=0xe2d10 value=0x1001000000004090
  regcmd_qword[675] off=0xe2d18 value=0x1001000000004094
  regcmd_qword[676] off=0xe2d20 value=0x1001000000004098
  regcmd_qword[677] off=0xe2d28 value=0x100100000000409c
  regcmd_qword[678] off=0xe2d30 value=0x10010000000040a0
  regcmd_qword[679] off=0xe2d38 value=0x10010000000040a4
  regcmd_qword[680] off=0xe2d40 value=0x10010000000040a8
  regcmd_qword[681] off=0xe2d48 value=0x10010000000040ac
  regcmd_qword[682] off=0xe2d50 value=0x10010000b48040c0
  regcmd_qword[683] off=0xe2d58 value=0x10010000000040c4
  regcmd_qword[684] off=0xe2d60 value=0x1001000000004100
  regcmd_qword[685] off=0xe2d68 value=0x1001000000004104
  regcmd_qword[686] off=0xe2d70 value=0x1001000000004108
  regcmd_qword[687] off=0xe2d78 value=0x100100000000410c
  regcmd_qword[688] off=0xe2d80 value=0x1001000000004110
  regcmd_qword[689] off=0xe2d88 value=0x1001000000004114
  regcmd_qword[690] off=0xe2d90 value=0x1001000000004118
  regcmd_qword[691] off=0xe2d98 value=0x100100000000411c
  regcmd_qword[692] off=0xe2da0 value=0x1001000000004120
  regcmd_qword[693] off=0xe2da8 value=0x1001000000004124
  regcmd_qword[694] off=0xe2db0 value=0x1001000000004128
  regcmd_qword[695] off=0xe2db8 value=0x100100000000412c
  regcmd_qword[696] off=0xe2dc0 value=0x0101fffdce000010
  regcmd_qword[697] off=0xe2dc8 value=0x01010001000e0014
  regcmd_qword[698] off=0xe2dd0 value=0x0041000000000000
  regcmd_qword[699] off=0xe2dd8 value=0x00810000000d0008
  regcmd_qword[700] off=0xe2de0 value=0x0000000000000000
  regcmd_qword[701] off=0xe2de8 value=0x0000000000000000
  regcmd_qword[702] off=0xe2df0 value=0x0000000000000000
  regcmd_qword[703] off=0xe2df8 value=0x0000000000000000
  regcmd_qword[704] off=0xe2e00 value=0x40010000000e6004
  regcmd_qword[705] off=0xe2e08 value=0x80010000000e7004
  regcmd_qword[706] off=0xe2e10 value=0x400100000000600c
  regcmd_qword[707] off=0xe2e18 value=0x4001000000006010
  regcmd_qword[708] off=0xe2e20 value=0x40010000001f6014
  regcmd_qword[709] off=0xe2e28 value=0x4001000000006018
  regcmd_qword[710] off=0xe2e30 value=0x400100000000601c
  regcmd_qword[711] off=0xe2e38 value=0x40010000001f6020
  regcmd_qword[712] off=0xe2e40 value=0x4001000000116024
  regcmd_qword[713] off=0xe2e48 value=0x4001000000006034
  regcmd_qword[714] off=0xe2e50 value=0x4001000000006038
  regcmd_qword[715] off=0xe2e58 value=0x400100000000603c
  regcmd_qword[716] off=0xe2e60 value=0x4001000000006040
  regcmd_qword[717] off=0xe2e68 value=0x4001000000006044
  regcmd_qword[718] off=0xe2e70 value=0x4001000000006048
  regcmd_qword[719] off=0xe2e78 value=0x4001fffdb0006070
  regcmd_qword[720] off=0xe2e80 value=0x400100000010607c
  regcmd_qword[721] off=0xe2e88 value=0x4001000000106084
  regcmd_qword[722] off=0xe2e90 value=0x40010000000360dc
  regcmd_qword[723] off=0xe2e98 value=0x800100000000700c
  regcmd_qword[724] off=0xe2ea0 value=0x8001000000007010
  regcmd_qword[725] off=0xe2ea8 value=0x80010000001f7014
  regcmd_qword[726] off=0xe2eb0 value=0x8001fffdb400701c
  regcmd_qword[727] off=0xe2eb8 value=0x8001000000107024
  regcmd_qword[728] off=0xe2ec0 value=0x8001000000107028
  regcmd_qword[729] off=0xe2ec8 value=0x8001000000017030
  regcmd_qword[730] off=0xe2ed0 value=0x0000000000000000
  regcmd_qword[731] off=0xe2ed8 value=0x0101000000000014
  regcmd_qword[732] off=0xe2ee0 value=0x0041000000000000
  regcmd_qword[733] off=0xe2ee8 value=0x0081000000600008
  regcmd_qword[734] off=0xe2ef0 value=0x0000000000000000
  regcmd_qword[735] off=0xe2ef8 value=0x0000000000000000
  regcmd_qword[736] off=0xe2f00 value=0x10010000000e4004
  regcmd_qword[737] off=0xe2f08 value=0x020100000120100c
  regcmd_qword[738] off=0xe2f10 value=0x0201500000c01010
  regcmd_qword[739] off=0xe2f18 value=0x0201000000091014
  regcmd_qword[740] off=0xe2f20 value=0x0201002800171020
  regcmd_qword[741] off=0xe2f28 value=0x0201001f00a01024
  regcmd_qword[742] off=0xe2f30 value=0x0201000000261028
  regcmd_qword[743] off=0xe2f38 value=0x02010000031e102c
  regcmd_qword[744] off=0xe2f40 value=0x02010004ec001030
  regcmd_qword[745] off=0xe2f48 value=0x020100000b401034
  regcmd_qword[746] off=0xe2f50 value=0x0201030300701038
  regcmd_qword[747] off=0xe2f58 value=0x0201000000391040
  regcmd_qword[748] off=0xe2f60 value=0x0201000000c81044
  regcmd_qword[749] off=0xe2f68 value=0x02010000000b104c
  regcmd_qword[750] off=0xe2f70 value=0x0201000100001050
  regcmd_qword[751] off=0xe2f78 value=0x0201000100001054
  regcmd_qword[752] off=0xe2f80 value=0x0201000100001058
  regcmd_qword[753] off=0xe2f88 value=0x020100010000105c
  regcmd_qword[754] off=0xe2f90 value=0x0201000000001060
  regcmd_qword[755] off=0xe2f98 value=0x0201000000001064
  regcmd_qword[756] off=0xe2fa0 value=0x0201000000001068
  regcmd_qword[757] off=0xe2fa8 value=0x0201ffd1e0001070
  regcmd_qword[758] off=0xe2fb0 value=0x0201000000001074
  regcmd_qword[759] off=0xe2fb8 value=0x0201000f000f1078
  regcmd_qword[760] off=0xe2fc0 value=0x0201000000a0107c
  regcmd_qword[761] off=0xe2fc8 value=0x0201000005a01080
  regcmd_qword[762] off=0xe2fd0 value=0x0201002800171084
  regcmd_qword[763] off=0xe2fd8 value=0x0201000000a01088
  regcmd_qword[764] off=0xe2fe0 value=0x0201000000001100
  regcmd_qword[765] off=0xe2fe8 value=0x0201000000001104
  regcmd_qword[766] off=0xe2ff0 value=0x0201ffefa0001110
  regcmd_qword[767] off=0xe2ff8 value=0x0201000000001140
  regcmd_qword[768] off=0xe3000 value=0x0201000000001144
  regcmd_qword[769] off=0xe3008 value=0x0201000000001148
  regcmd_qword[770] off=0xe3010 value=0x020100000000114c
  regcmd_qword[771] off=0xe3018 value=0x0201000000001150
  regcmd_qword[772] off=0xe3020 value=0x0201000000001154
  regcmd_qword[773] off=0xe3028 value=0x0201000000001158
  regcmd_qword[774] off=0xe3030 value=0x020100000000115c
  regcmd_qword[775] off=0xe3038 value=0x0201000000001160
  regcmd_qword[776] off=0xe3040 value=0x0201000000001164
  regcmd_qword[777] off=0xe3048 value=0x0201000000001168
  regcmd_qword[778] off=0xe3050 value=0x020100000000116c
  regcmd_qword[779] off=0xe3058 value=0x0201000000001170
  regcmd_qword[780] off=0xe3060 value=0x0201000000001174
  regcmd_qword[781] off=0xe3068 value=0x0201000000001178
  regcmd_qword[782] off=0xe3070 value=0x020100000000117c
  regcmd_qword[783] off=0xe3078 value=0x0201000000001180
  regcmd_qword[784] off=0xe3080 value=0x0201000000001184
  regcmd_qword[785] off=0xe3088 value=0x0801000002003010
  regcmd_qword[786] off=0xe3090 value=0x0801001400253014
  regcmd_qword[787] off=0xe3098 value=0x08010000006f3018
  regcmd_qword[788] off=0xe30a0 value=0x080100000000301c
  regcmd_qword[789] off=0xe30a8 value=0x0801000000003030
  regcmd_qword[790] off=0xe30b0 value=0x1001000001e4400c
  regcmd_qword[791] off=0xe30b8 value=0x1001480000024010
  regcmd_qword[792] off=0xe30c0 value=0x1001000000004014
  regcmd_qword[793] off=0xe30c8 value=0x1001ffc3c0004020
  regcmd_qword[794] off=0xe30d0 value=0x100100005a404024
  regcmd_qword[795] off=0xe30d8 value=0x1001000000254030
  regcmd_qword[796] off=0xe30e0 value=0x1001000000144034
  regcmd_qword[797] off=0xe30e8 value=0x1001000000004038
  regcmd_qword[798] off=0xe30f0 value=0x1001006f006f403c
  regcmd_qword[799] off=0xe30f8 value=0x1001000000534040
  regcmd_qword[800] off=0xe3100 value=0x1001000000004044
  regcmd_qword[801] off=0xe3108 value=0x1001000000004048
  regcmd_qword[802] off=0xe3110 value=0x100100000000404c
  regcmd_qword[803] off=0xe3118 value=0x1001000001264050
  regcmd_qword[804] off=0xe3120 value=0x1001000000004054
  regcmd_qword[805] off=0xe3128 value=0x10010000006f4058
  regcmd_qword[806] off=0xe3130 value=0x100100140025405c
  regcmd_qword[807] off=0xe3138 value=0x1001000000534060
  regcmd_qword[808] off=0xe3140 value=0x1001000000004064
  regcmd_qword[809] off=0xe3148 value=0x1001000000004068
  regcmd_qword[810] off=0xe3150 value=0x100100000000406c
  regcmd_qword[811] off=0xe3158 value=0x1001000003834070
  regcmd_qword[812] off=0xe3160 value=0x1001000000004074
  regcmd_qword[813] off=0xe3168 value=0x1001000000014078
  regcmd_qword[814] off=0xe3170 value=0x100100000000407c
  regcmd_qword[815] off=0xe3178 value=0x1001000000004080
  regcmd_qword[816] off=0xe3180 value=0x1001000100014084
  regcmd_qword[817] off=0xe3188 value=0x1001000000004088
  regcmd_qword[818] off=0xe3190 value=0x1001000000004090
  regcmd_qword[819] off=0xe3198 value=0x1001000000004094
  regcmd_qword[820] off=0xe31a0 value=0x1001000000004098
  regcmd_qword[821] off=0xe31a8 value=0x100100000000409c
  regcmd_qword[822] off=0xe31b0 value=0x10010000000040a0
  regcmd_qword[823] off=0xe31b8 value=0x10010000000040a4
  regcmd_qword[824] off=0xe31c0 value=0x10010000000040a8
  regcmd_qword[825] off=0xe31c8 value=0x10010000000040ac
  regcmd_qword[826] off=0xe31d0 value=0x10010000b48040c0
  regcmd_qword[827] off=0xe31d8 value=0x10010000000040c4
  regcmd_qword[828] off=0xe31e0 value=0x1001000000004100
  regcmd_qword[829] off=0xe31e8 value=0x1001000000004104
  regcmd_qword[830] off=0xe31f0 value=0x1001000000004108
  regcmd_qword[831] off=0xe31f8 value=0x100100000000410c
  regcmd_qword[832] off=0xe3200 value=0x1001000000004110
  regcmd_qword[833] off=0xe3208 value=0x1001000000004114
  regcmd_qword[834] off=0xe3210 value=0x1001000000004118
  regcmd_qword[835] off=0xe3218 value=0x100100000000411c
  regcmd_qword[836] off=0xe3220 value=0x1001000000004120
  regcmd_qword[837] off=0xe3228 value=0x1001000000004124
  regcmd_qword[838] off=0xe3230 value=0x1001000000004128
  regcmd_qword[839] off=0xe3238 value=0x100100000000412c
  regcmd_qword[840] off=0xe3240 value=0x0101fffdd2800010
  regcmd_qword[841] off=0xe3248 value=0x0101000200350014
  regcmd_qword[842] off=0xe3250 value=0x0041000000000000
  regcmd_qword[843] off=0xe3258 value=0x00810000000d0008
  regcmd_qword[844] off=0xe3260 value=0x0000000000000000
  regcmd_qword[845] off=0xe3268 value=0x0000000000000000
  regcmd_qword[846] off=0xe3270 value=0x0000000000000000
  regcmd_qword[847] off=0xe3278 value=0x0000000000000000
  regcmd_qword[848] off=0xe3280 value=0x10010000000e4004
  regcmd_qword[849] off=0xe3288 value=0x020100000120100c
  regcmd_qword[850] off=0xe3290 value=0x0201500000c01010
  regcmd_qword[851] off=0xe3298 value=0x0201000000091014
  regcmd_qword[852] off=0xe32a0 value=0x0201002800131020
  regcmd_qword[853] off=0xe32a8 value=0x0201001f00a01024
  regcmd_qword[854] off=0xe32b0 value=0x0201000000261028
  regcmd_qword[855] off=0xe32b8 value=0x020100000286102c
  regcmd_qword[856] off=0xe32c0 value=0x02010004ec001030
  regcmd_qword[857] off=0xe32c8 value=0x020100000b401034
  regcmd_qword[858] off=0xe32d0 value=0x0201030300701038
  regcmd_qword[859] off=0xe32d8 value=0x0201000000391040
  regcmd_qword[860] off=0xe32e0 value=0x0201000000c81044
  regcmd_qword[861] off=0xe32e8 value=0x02010000000b104c
  regcmd_qword[862] off=0xe32f0 value=0x0201000100001050
  regcmd_qword[863] off=0xe32f8 value=0x0201000100001054
  regcmd_qword[864] off=0xe3300 value=0x0201000100001058
  regcmd_qword[865] off=0xe3308 value=0x020100010000105c
  regcmd_qword[866] off=0xe3310 value=0x0201000000001060
  regcmd_qword[867] off=0xe3318 value=0x0201000000001064
  regcmd_qword[868] off=0xe3320 value=0x0201000000001068
  regcmd_qword[869] off=0xe3328 value=0x0201ffd214801070
  regcmd_qword[870] off=0xe3330 value=0x0201000000001074
  regcmd_qword[871] off=0xe3338 value=0x0201000f000f1078
  regcmd_qword[872] off=0xe3340 value=0x0201000000a0107c
  regcmd_qword[873] off=0xe3348 value=0x0201000005a01080
  regcmd_qword[874] off=0xe3350 value=0x0201002800131084
  regcmd_qword[875] off=0xe3358 value=0x0201000000a01088
  regcmd_qword[876] off=0xe3360 value=0x0201000000001100
  regcmd_qword[877] off=0xe3368 value=0x0201000000001104
  regcmd_qword[878] off=0xe3370 value=0x0201ffefa0001110
  regcmd_qword[879] off=0xe3378 value=0x0201000000001140
  regcmd_qword[880] off=0xe3380 value=0x0201000000001144
  regcmd_qword[881] off=0xe3388 value=0x0201000000001148
  regcmd_qword[882] off=0xe3390 value=0x020100000000114c
  regcmd_qword[883] off=0xe3398 value=0x0201000000001150
  regcmd_qword[884] off=0xe33a0 value=0x0201000000001154
  regcmd_qword[885] off=0xe33a8 value=0x0201000000001158
  regcmd_qword[886] off=0xe33b0 value=0x020100000000115c
  regcmd_qword[887] off=0xe33b8 value=0x0201000000001160
  regcmd_qword[888] off=0xe33c0 value=0x0201000000001164
  regcmd_qword[889] off=0xe33c8 value=0x0201000000001168
  regcmd_qword[890] off=0xe33d0 value=0x020100000000116c
  regcmd_qword[891] off=0xe33d8 value=0x0201000000001170
  regcmd_qword[892] off=0xe33e0 value=0x0201000000001174
  regcmd_qword[893] off=0xe33e8 value=0x0201000000001178
  regcmd_qword[894] off=0xe33f0 value=0x020100000000117c
  regcmd_qword[895] off=0xe33f8 value=0x0201000000001180
  regcmd_qword[896] off=0xe3400 value=0x0201000000001184
  regcmd_qword[897] off=0xe3408 value=0x0801000002003010
  regcmd_qword[898] off=0xe3410 value=0x0801001000253014
  regcmd_qword[899] off=0xe3418 value=0x08010000006f3018
  regcmd_qword[900] off=0xe3420 value=0x080100000000301c
  regcmd_qword[901] off=0xe3428 value=0x0801000000003030
  regcmd_qword[902] off=0xe3430 value=0x1001000001e4400c
  regcmd_qword[903] off=0xe3438 value=0x1001480000024010
  regcmd_qword[904] off=0xe3440 value=0x1001000000004014
  regcmd_qword[905] off=0xe3448 value=0x1001ffc3f1e04020
  regcmd_qword[906] off=0xe3450 value=0x100100005a404024
  regcmd_qword[907] off=0xe3458 value=0x1001000000254030
  regcmd_qword[908] off=0xe3460 value=0x1001000000104034
  regcmd_qword[909] off=0xe3468 value=0x1001000000004038
  regcmd_qword[910] off=0xe3470 value=0x1001006f006f403c
  regcmd_qword[911] off=0xe3478 value=0x1001000000534040
  regcmd_qword[912] off=0xe3480 value=0x1001000000004044
  regcmd_qword[913] off=0xe3488 value=0x1001000000004048
  regcmd_qword[914] off=0xe3490 value=0x100100000000404c
  regcmd_qword[915] off=0xe3498 value=0x1001000001264050
  regcmd_qword[916] off=0xe34a0 value=0x1001000000004054
  regcmd_qword[917] off=0xe34a8 value=0x10010000006f4058
  regcmd_qword[918] off=0xe34b0 value=0x100100100025405c
  regcmd_qword[919] off=0xe34b8 value=0x1001000000534060
  regcmd_qword[920] off=0xe34c0 value=0x1001000000004064
  regcmd_qword[921] off=0xe34c8 value=0x1001000000004068
  regcmd_qword[922] off=0xe34d0 value=0x100100000000406c
  regcmd_qword[923] off=0xe34d8 value=0x1001000003834070
  regcmd_qword[924] off=0xe34e0 value=0x1001000000004074
  regcmd_qword[925] off=0xe34e8 value=0x1001000000014078
  regcmd_qword[926] off=0xe34f0 value=0x100100000000407c
  regcmd_qword[927] off=0xe34f8 value=0x1001000000004080
  regcmd_qword[928] off=0xe3500 value=0x1001000100014084
  regcmd_qword[929] off=0xe3508 value=0x1001000000004088
  regcmd_qword[930] off=0xe3510 value=0x1001000000004090
  regcmd_qword[931] off=0xe3518 value=0x1001000000004094
  regcmd_qword[932] off=0xe3520 value=0x1001000000004098
  regcmd_qword[933] off=0xe3528 value=0x100100000000409c
  regcmd_qword[934] off=0xe3530 value=0x10010000000040a0
  regcmd_qword[935] off=0xe3538 value=0x10010000000040a4
  regcmd_qword[936] off=0xe3540 value=0x10010000000040a8
  regcmd_qword[937] off=0xe3548 value=0x10010000000040ac
  regcmd_qword[938] off=0xe3550 value=0x10010000b48040c0
  regcmd_qword[939] off=0xe3558 value=0x10010000000040c4
  regcmd_qword[940] off=0xe3560 value=0x1001000000004100
  regcmd_qword[941] off=0xe3568 value=0x1001000000004104
  regcmd_qword[942] off=0xe3570 value=0x1001000000004108
  regcmd_qword[943] off=0xe3578 value=0x100100000000410c
  regcmd_qword[944] off=0xe3580 value=0x1001000000004110
  regcmd_qword[945] off=0xe3588 value=0x1001000000004114
  regcmd_qword[946] off=0xe3590 value=0x1001000000004118
  regcmd_qword[947] off=0xe3598 value=0x100100000000411c
  regcmd_qword[948] off=0xe35a0 value=0x1001000000004120
  regcmd_qword[949] off=0xe35a8 value=0x1001000000004124
  regcmd_qword[950] off=0xe35b0 value=0x1001000000004128
  regcmd_qword[951] off=0xe35b8 value=0x100100000000412c
  regcmd_qword[952] off=0xe35c0 value=0x0101fffdd6000010
  regcmd_qword[953] off=0xe35c8 value=0x01010002000e0014
  regcmd_qword[954] off=0xe35d0 value=0x0041000000000000
  regcmd_qword[955] off=0xe35d8 value=0x00810000000d0008
  regcmd_qword[956] off=0xe35e0 value=0x0000000000000000
  regcmd_qword[957] off=0xe35e8 value=0x0000000000000000
  regcmd_qword[958] off=0xe35f0 value=0x0000000000000000
  regcmd_qword[959] off=0xe35f8 value=0x0000000000000000
  regcmd_qword[960] off=0xe3600 value=0x40010000000e6004
  regcmd_qword[961] off=0xe3608 value=0x80010000000e7004
  regcmd_qword[962] off=0xe3610 value=0x400100000000600c
  regcmd_qword[963] off=0xe3618 value=0x4001000000006010
  regcmd_qword[964] off=0xe3620 value=0x40010000001f6014
  regcmd_qword[965] off=0xe3628 value=0x4001000000006018
  regcmd_qword[966] off=0xe3630 value=0x400100000000601c
  regcmd_qword[967] off=0xe3638 value=0x40010000001f6020
  regcmd_qword[968] off=0xe3640 value=0x4001000000116024
  regcmd_qword[969] off=0xe3648 value=0x4001000000006034
  regcmd_qword[970] off=0xe3650 value=0x4001000000006038
  regcmd_qword[971] off=0xe3658 value=0x400100000000603c
  regcmd_qword[972] off=0xe3660 value=0x4001000000006040
  regcmd_qword[973] off=0xe3668 value=0x4001000000006044
  regcmd_qword[974] off=0xe3670 value=0x4001000000006048
  regcmd_qword[975] off=0xe3678 value=0x4001fffdb0006070
  regcmd_qword[976] off=0xe3680 value=0x400100000010607c
  regcmd_qword[977] off=0xe3688 value=0x4001000000106084
  regcmd_qword[978] off=0xe3690 value=0x40010000000360dc
  regcmd_qword[979] off=0xe3698 value=0x800100000000700c
  regcmd_qword[980] off=0xe36a0 value=0x8001000000007010
  regcmd_qword[981] off=0xe36a8 value=0x80010000001f7014
  regcmd_qword[982] off=0xe36b0 value=0x8001fffdb400701c
  regcmd_qword[983] off=0xe36b8 value=0x8001000000107024
  regcmd_qword[984] off=0xe36c0 value=0x8001000000107028
  regcmd_qword[985] off=0xe36c8 value=0x8001000000017030
  regcmd_qword[986] off=0xe36d0 value=0x0000000000000000
  regcmd_qword[987] off=0xe36d8 value=0x0101000000000014
  regcmd_qword[988] off=0xe36e0 value=0x0041000000000000
  regcmd_qword[989] off=0xe36e8 value=0x0081000000600008
  regcmd_qword[990] off=0xe36f0 value=0x0000000000000000
  regcmd_qword[991] off=0xe36f8 value=0x0000000000000000
  regcmd_qword[992] off=0xe3700 value=0x10010000000e4004
  regcmd_qword[993] off=0xe3708 value=0x020100000120100c
  regcmd_qword[994] off=0xe3710 value=0x0201500000c01010
  regcmd_qword[995] off=0xe3718 value=0x0201000000091014
  regcmd_qword[996] off=0xe3720 value=0x0201002800171020
  regcmd_qword[997] off=0xe3728 value=0x0201001f00a01024
  regcmd_qword[998] off=0xe3730 value=0x0201000000261028
  regcmd_qword[999] off=0xe3738 value=0x02010000031e102c
  regcmd_qword[1000] off=0xe3740 value=0x02010004ec001030
  regcmd_qword[1001] off=0xe3748 value=0x020100000b401034
  regcmd_qword[1002] off=0xe3750 value=0x0201030300701038
  regcmd_qword[1003] off=0xe3758 value=0x0201000000391040
  regcmd_qword[1004] off=0xe3760 value=0x0201000000c81044
  regcmd_qword[1005] off=0xe3768 value=0x02010000000b104c
  regcmd_qword[1006] off=0xe3770 value=0x0201000100001050
  regcmd_qword[1007] off=0xe3778 value=0x0201000100001054
  regcmd_qword[1008] off=0xe3780 value=0x0201000100001058
  regcmd_qword[1009] off=0xe3788 value=0x020100010000105c
  regcmd_qword[1010] off=0xe3790 value=0x0201000000001060
  regcmd_qword[1011] off=0xe3798 value=0x0201000000001064
  regcmd_qword[1012] off=0xe37a0 value=0x0201000000001068
  regcmd_qword[1013] off=0xe37a8 value=0x0201ffd1e0001070
  regcmd_qword[1014] off=0xe37b0 value=0x0201000000001074
  regcmd_qword[1015] off=0xe37b8 value=0x0201000f000f1078
  regcmd_qword[1016] off=0xe37c0 value=0x0201000000a0107c
  regcmd_qword[1017] off=0xe37c8 value=0x0201000005a01080
  regcmd_qword[1018] off=0xe37d0 value=0x0201002800171084
  regcmd_qword[1019] off=0xe37d8 value=0x0201000000a01088
  regcmd_qword[1020] off=0xe37e0 value=0x0201000000001100
  regcmd_qword[1021] off=0xe37e8 value=0x0201000000001104
  regcmd_qword[1022] off=0xe37f0 value=0x0201fff48c001110
  regcmd_qword[1023] off=0xe37f8 value=0x0201000000001140
  regcmd_qword[1024] off=0xe3800 value=0x0201000000001144
  regcmd_qword[1025] off=0xe3808 value=0x0201000000001148
  regcmd_qword[1026] off=0xe3810 value=0x020100000000114c
  regcmd_qword[1027] off=0xe3818 value=0x0201000000001150
  regcmd_qword[1028] off=0xe3820 value=0x0201000000001154
  regcmd_qword[1029] off=0xe3828 value=0x0201000000001158
  regcmd_qword[1030] off=0xe3830 value=0x020100000000115c
  regcmd_qword[1031] off=0xe3838 value=0x0201000000001160
  regcmd_qword[1032] off=0xe3840 value=0x0201000000001164
  regcmd_qword[1033] off=0xe3848 value=0x0201000000001168
  regcmd_qword[1034] off=0xe3850 value=0x020100000000116c
  regcmd_qword[1035] off=0xe3858 value=0x0201000000001170
  regcmd_qword[1036] off=0xe3860 value=0x0201000000001174
  regcmd_qword[1037] off=0xe3868 value=0x0201000000001178
  regcmd_qword[1038] off=0xe3870 value=0x020100000000117c
  regcmd_qword[1039] off=0xe3878 value=0x0201000000001180
  regcmd_qword[1040] off=0xe3880 value=0x0201000000001184
  regcmd_qword[1041] off=0xe3888 value=0x0801000002003010
  regcmd_qword[1042] off=0xe3890 value=0x0801001400253014
  regcmd_qword[1043] off=0xe3898 value=0x08010000006f3018
  regcmd_qword[1044] off=0xe38a0 value=0x080100000000301c
  regcmd_qword[1045] off=0xe38a8 value=0x0801000000003030
  regcmd_qword[1046] off=0xe38b0 value=0x1001000001e4400c
  regcmd_qword[1047] off=0xe38b8 value=0x1001480000024010
  regcmd_qword[1048] off=0xe38c0 value=0x1001000000004014
  regcmd_qword[1049] off=0xe38c8 value=0x1001ffc8af804020
  regcmd_qword[1050] off=0xe38d0 value=0x100100005a404024
  regcmd_qword[1051] off=0xe38d8 value=0x1001000000254030
  regcmd_qword[1052] off=0xe38e0 value=0x1001000000144034
  regcmd_qword[1053] off=0xe38e8 value=0x1001000000004038
  regcmd_qword[1054] off=0xe38f0 value=0x1001006f006f403c
  regcmd_qword[1055] off=0xe38f8 value=0x1001000000534040
  regcmd_qword[1056] off=0xe3900 value=0x1001000000004044
  regcmd_qword[1057] off=0xe3908 value=0x1001000000004048
  regcmd_qword[1058] off=0xe3910 value=0x100100000000404c
  regcmd_qword[1059] off=0xe3918 value=0x1001000001264050
  regcmd_qword[1060] off=0xe3920 value=0x1001000000004054
  regcmd_qword[1061] off=0xe3928 value=0x10010000006f4058
  regcmd_qword[1062] off=0xe3930 value=0x100100140025405c
  regcmd_qword[1063] off=0xe3938 value=0x1001000000534060
  regcmd_qword[1064] off=0xe3940 value=0x1001000000004064
  regcmd_qword[1065] off=0xe3948 value=0x1001000000004068
  regcmd_qword[1066] off=0xe3950 value=0x100100000000406c
  regcmd_qword[1067] off=0xe3958 value=0x1001000003834070
  regcmd_qword[1068] off=0xe3960 value=0x1001000000004074
  regcmd_qword[1069] off=0xe3968 value=0x1001000000014078
  regcmd_qword[1070] off=0xe3970 value=0x100100000000407c
  regcmd_qword[1071] off=0xe3978 value=0x1001000000004080
  regcmd_qword[1072] off=0xe3980 value=0x1001000100014084
  regcmd_qword[1073] off=0xe3988 value=0x1001000000004088
  regcmd_qword[1074] off=0xe3990 value=0x1001000000004090
  regcmd_qword[1075] off=0xe3998 value=0x1001000000004094
  regcmd_qword[1076] off=0xe39a0 value=0x1001000000004098
  regcmd_qword[1077] off=0xe39a8 value=0x100100000000409c
  regcmd_qword[1078] off=0xe39b0 value=0x10010000000040a0
  regcmd_qword[1079] off=0xe39b8 value=0x10010000000040a4
  regcmd_qword[1080] off=0xe39c0 value=0x10010000000040a8
  regcmd_qword[1081] off=0xe39c8 value=0x10010000000040ac
  regcmd_qword[1082] off=0xe39d0 value=0x10010000b48040c0
  regcmd_qword[1083] off=0xe39d8 value=0x10010000000040c4
  regcmd_qword[1084] off=0xe39e0 value=0x1001000000004100
  regcmd_qword[1085] off=0xe39e8 value=0x1001000000004104
  regcmd_qword[1086] off=0xe39f0 value=0x1001000000004108
  regcmd_qword[1087] off=0xe39f8 value=0x100100000000410c
  regcmd_qword[1088] off=0xe3a00 value=0x1001000000004110
  regcmd_qword[1089] off=0xe3a08 value=0x1001000000004114
  regcmd_qword[1090] off=0xe3a10 value=0x1001000000004118
  regcmd_qword[1091] off=0xe3a18 value=0x100100000000411c
  regcmd_qword[1092] off=0xe3a20 value=0x1001000000004120
  regcmd_qword[1093] off=0xe3a28 value=0x1001000000004124
  regcmd_qword[1094] off=0xe3a30 value=0x1001000000004128
  regcmd_qword[1095] off=0xe3a38 value=0x100100000000412c
  regcmd_qword[1096] off=0xe3a40 value=0x0101fffdda800010
  regcmd_qword[1097] off=0xe3a48 value=0x0101000200350014
  regcmd_qword[1098] off=0xe3a50 value=0x0041000000000000
  regcmd_qword[1099] off=0xe3a58 value=0x00810000000d0008
  regcmd_qword[1100] off=0xe3a60 value=0x0000000000000000
  regcmd_qword[1101] off=0xe3a68 value=0x0000000000000000
  regcmd_qword[1102] off=0xe3a70 value=0x0000000000000000
  regcmd_qword[1103] off=0xe3a78 value=0x0000000000000000
  regcmd_qword[1104] off=0xe3a80 value=0x10010000000e4004
  regcmd_qword[1105] off=0xe3a88 value=0x020100000120100c
  regcmd_qword[1106] off=0xe3a90 value=0x0201500000c01010
  regcmd_qword[1107] off=0xe3a98 value=0x0201000000091014
  regcmd_qword[1108] off=0xe3aa0 value=0x0201002800131020
  regcmd_qword[1109] off=0xe3aa8 value=0x0201001f00a01024
  regcmd_qword[1110] off=0xe3ab0 value=0x0201000000261028
  regcmd_qword[1111] off=0xe3ab8 value=0x020100000286102c
  regcmd_qword[1112] off=0xe3ac0 value=0x02010004ec001030
  regcmd_qword[1113] off=0xe3ac8 value=0x020100000b401034
  regcmd_qword[1114] off=0xe3ad0 value=0x0201030300701038
  regcmd_qword[1115] off=0xe3ad8 value=0x0201000000391040
  regcmd_qword[1116] off=0xe3ae0 value=0x0201000000c81044
  regcmd_qword[1117] off=0xe3ae8 value=0x02010000000b104c
  regcmd_qword[1118] off=0xe3af0 value=0x0201000100001050
  regcmd_qword[1119] off=0xe3af8 value=0x0201000100001054
  regcmd_qword[1120] off=0xe3b00 value=0x0201000100001058
  regcmd_qword[1121] off=0xe3b08 value=0x020100010000105c
  regcmd_qword[1122] off=0xe3b10 value=0x0201000000001060
  regcmd_qword[1123] off=0xe3b18 value=0x0201000000001064
  regcmd_qword[1124] off=0xe3b20 value=0x0201000000001068
  regcmd_qword[1125] off=0xe3b28 value=0x0201ffd214801070
  regcmd_qword[1126] off=0xe3b30 value=0x0201000000001074
  regcmd_qword[1127] off=0xe3b38 value=0x0201000f000f1078
  regcmd_qword[1128] off=0xe3b40 value=0x0201000000a0107c
  regcmd_qword[1129] off=0xe3b48 value=0x0201000005a01080
  regcmd_qword[1130] off=0xe3b50 value=0x0201002800131084
  regcmd_qword[1131] off=0xe3b58 value=0x0201000000a01088
  regcmd_qword[1132] off=0xe3b60 value=0x0201000000001100
  regcmd_qword[1133] off=0xe3b68 value=0x0201000000001104
  regcmd_qword[1134] off=0xe3b70 value=0x0201fff48c001110
  regcmd_qword[1135] off=0xe3b78 value=0x0201000000001140
  regcmd_qword[1136] off=0xe3b80 value=0x0201000000001144
  regcmd_qword[1137] off=0xe3b88 value=0x0201000000001148
  regcmd_qword[1138] off=0xe3b90 value=0x020100000000114c
  regcmd_qword[1139] off=0xe3b98 value=0x0201000000001150
  regcmd_qword[1140] off=0xe3ba0 value=0x0201000000001154
  regcmd_qword[1141] off=0xe3ba8 value=0x0201000000001158
  regcmd_qword[1142] off=0xe3bb0 value=0x020100000000115c
  regcmd_qword[1143] off=0xe3bb8 value=0x0201000000001160
  regcmd_qword[1144] off=0xe3bc0 value=0x0201000000001164
  regcmd_qword[1145] off=0xe3bc8 value=0x0201000000001168
  regcmd_qword[1146] off=0xe3bd0 value=0x020100000000116c
  regcmd_qword[1147] off=0xe3bd8 value=0x0201000000001170
  regcmd_qword[1148] off=0xe3be0 value=0x0201000000001174
  regcmd_qword[1149] off=0xe3be8 value=0x0201000000001178
  regcmd_qword[1150] off=0xe3bf0 value=0x020100000000117c
  regcmd_qword[1151] off=0xe3bf8 value=0x0201000000001180
  regcmd_qword[1152] off=0xe3c00 value=0x0201000000001184
  regcmd_qword[1153] off=0xe3c08 value=0x0801000002003010
  regcmd_qword[1154] off=0xe3c10 value=0x0801001000253014
  regcmd_qword[1155] off=0xe3c18 value=0x08010000006f3018
  regcmd_qword[1156] off=0xe3c20 value=0x080100000000301c
  regcmd_qword[1157] off=0xe3c28 value=0x0801000000003030
  regcmd_qword[1158] off=0xe3c30 value=0x1001000001e4400c
  regcmd_qword[1159] off=0xe3c38 value=0x1001480000024010
  regcmd_qword[1160] off=0xe3c40 value=0x1001000000004014
  regcmd_qword[1161] off=0xe3c48 value=0x1001ffc8e1604020
  regcmd_qword[1162] off=0xe3c50 value=0x100100005a404024
  regcmd_qword[1163] off=0xe3c58 value=0x1001000000254030
  regcmd_qword[1164] off=0xe3c60 value=0x1001000000104034
  regcmd_qword[1165] off=0xe3c68 value=0x1001000000004038
  regcmd_qword[1166] off=0xe3c70 value=0x1001006f006f403c
  regcmd_qword[1167] off=0xe3c78 value=0x1001000000534040
  regcmd_qword[1168] off=0xe3c80 value=0x1001000000004044
  regcmd_qword[1169] off=0xe3c88 value=0x1001000000004048
  regcmd_qword[1170] off=0xe3c90 value=0x100100000000404c
  regcmd_qword[1171] off=0xe3c98 value=0x1001000001264050
  regcmd_qword[1172] off=0xe3ca0 value=0x1001000000004054
  regcmd_qword[1173] off=0xe3ca8 value=0x10010000006f4058
  regcmd_qword[1174] off=0xe3cb0 value=0x100100100025405c
  regcmd_qword[1175] off=0xe3cb8 value=0x1001000000534060
  regcmd_qword[1176] off=0xe3cc0 value=0x1001000000004064
  regcmd_qword[1177] off=0xe3cc8 value=0x1001000000004068
  regcmd_qword[1178] off=0xe3cd0 value=0x100100000000406c
  regcmd_qword[1179] off=0xe3cd8 value=0x1001000003834070
  regcmd_qword[1180] off=0xe3ce0 value=0x1001000000004074
  regcmd_qword[1181] off=0xe3ce8 value=0x1001000000014078
  regcmd_qword[1182] off=0xe3cf0 value=0x100100000000407c
  regcmd_qword[1183] off=0xe3cf8 value=0x1001000000004080
  regcmd_qword[1184] off=0xe3d00 value=0x1001000100014084
  regcmd_qword[1185] off=0xe3d08 value=0x1001000000004088
  regcmd_qword[1186] off=0xe3d10 value=0x1001000000004090
  regcmd_qword[1187] off=0xe3d18 value=0x1001000000004094
  regcmd_qword[1188] off=0xe3d20 value=0x1001000000004098
  regcmd_qword[1189] off=0xe3d28 value=0x100100000000409c
  regcmd_qword[1190] off=0xe3d30 value=0x10010000000040a0
  regcmd_qword[1191] off=0xe3d38 value=0x10010000000040a4
  regcmd_qword[1192] off=0xe3d40 value=0x10010000000040a8
  regcmd_qword[1193] off=0xe3d48 value=0x10010000000040ac
  regcmd_qword[1194] off=0xe3d50 value=0x10010000b48040c0
  regcmd_qword[1195] off=0xe3d58 value=0x10010000000040c4
  regcmd_qword[1196] off=0xe3d60 value=0x1001000000004100
  regcmd_qword[1197] off=0xe3d68 value=0x1001000000004104
  regcmd_qword[1198] off=0xe3d70 value=0x1001000000004108
  regcmd_qword[1199] off=0xe3d78 value=0x100100000000410c
  regcmd_qword[1200] off=0xe3d80 value=0x1001000000004110
  regcmd_qword[1201] off=0xe3d88 value=0x1001000000004114
  regcmd_qword[1202] off=0xe3d90 value=0x1001000000004118
  regcmd_qword[1203] off=0xe3d98 value=0x100100000000411c
  regcmd_qword[1204] off=0xe3da0 value=0x1001000000004120
  regcmd_qword[1205] off=0xe3da8 value=0x1001000000004124
  regcmd_qword[1206] off=0xe3db0 value=0x1001000000004128
  regcmd_qword[1207] off=0xe3db8 value=0x100100000000412c
  regcmd_qword[1208] off=0xe3dc0 value=0x0101fffdde000010
  regcmd_qword[1209] off=0xe3dc8 value=0x01010002000e0014
  regcmd_qword[1210] off=0xe3dd0 value=0x0041000000000000
  regcmd_qword[1211] off=0xe3dd8 value=0x00810000000d0008
  regcmd_qword[1212] off=0xe3de0 value=0x0000000000000000
  regcmd_qword[1213] off=0xe3de8 value=0x0000000000000000
  regcmd_qword[1214] off=0xe3df0 value=0x0000000000000000
  regcmd_qword[1215] off=0xe3df8 value=0x0000000000000000
  regcmd_qword[1216] off=0xe3e00 value=0x40010000000e6004
  regcmd_qword[1217] off=0xe3e08 value=0x80010000000e7004
  regcmd_qword[1218] off=0xe3e10 value=0x400100000000600c
  regcmd_qword[1219] off=0xe3e18 value=0x4001000000006010
  regcmd_qword[1220] off=0xe3e20 value=0x40010000001f6014
  regcmd_qword[1221] off=0xe3e28 value=0x4001000000006018
  regcmd_qword[1222] off=0xe3e30 value=0x400100000000601c
  regcmd_qword[1223] off=0xe3e38 value=0x40010000001f6020
  regcmd_qword[1224] off=0xe3e40 value=0x4001000000116024
  regcmd_qword[1225] off=0xe3e48 value=0x4001000000006034
  regcmd_qword[1226] off=0xe3e50 value=0x4001000000006038
  regcmd_qword[1227] off=0xe3e58 value=0x400100000000603c
  regcmd_qword[1228] off=0xe3e60 value=0x4001000000006040
  regcmd_qword[1229] off=0xe3e68 value=0x4001000000006044
  regcmd_qword[1230] off=0xe3e70 value=0x4001000000006048
  regcmd_qword[1231] off=0xe3e78 value=0x4001fffdb0006070
  regcmd_qword[1232] off=0xe3e80 value=0x400100000010607c
  regcmd_qword[1233] off=0xe3e88 value=0x4001000000106084
  regcmd_qword[1234] off=0xe3e90 value=0x40010000000360dc
  regcmd_qword[1235] off=0xe3e98 value=0x800100000000700c
  regcmd_qword[1236] off=0xe3ea0 value=0x8001000000007010
  regcmd_qword[1237] off=0xe3ea8 value=0x80010000001f7014
  regcmd_qword[1238] off=0xe3eb0 value=0x8001fffdb400701c
  regcmd_qword[1239] off=0xe3eb8 value=0x8001000000107024
  regcmd_qword[1240] off=0xe3ec0 value=0x8001000000107028
  regcmd_qword[1241] off=0xe3ec8 value=0x8001000000017030
  regcmd_qword[1242] off=0xe3ed0 value=0x0000000000000000
  regcmd_qword[1243] off=0xe3ed8 value=0x0101000000000014
  regcmd_qword[1244] off=0xe3ee0 value=0x0041000000000000
  regcmd_qword[1245] off=0xe3ee8 value=0x0081000000600008
  regcmd_qword[1246] off=0xe3ef0 value=0x0000000000000000
  regcmd_qword[1247] off=0xe3ef8 value=0x0000000000000000
  regcmd_qword[1248] off=0xe3f00 value=0x10010000000e4004
  regcmd_qword[1249] off=0xe3f08 value=0x020100000120100c
  regcmd_qword[1250] off=0xe3f10 value=0x0201500000c01010
  regcmd_qword[1251] off=0xe3f18 value=0x0201000000091014
  regcmd_qword[1252] off=0xe3f20 value=0x0201002800171020
  regcmd_qword[1253] off=0xe3f28 value=0x0201001f00a01024
  regcmd_qword[1254] off=0xe3f30 value=0x0201000000261028
  regcmd_qword[1255] off=0xe3f38 value=0x02010000031e102c
  regcmd_qword[1256] off=0xe3f40 value=0x0201000438001030
  regcmd_qword[1257] off=0xe3f48 value=0x020100000b401034
  regcmd_qword[1258] off=0xe3f50 value=0x0201030300601038
  regcmd_qword[1259] off=0xe3f58 value=0x0201000000391040
  regcmd_qword[1260] off=0xe3f60 value=0x0201000000c81044
  regcmd_qword[1261] off=0xe3f68 value=0x02010000000b104c
  regcmd_qword[1262] off=0xe3f70 value=0x0201000100001050
  regcmd_qword[1263] off=0xe3f78 value=0x0201000100001054
  regcmd_qword[1264] off=0xe3f80 value=0x0201000100001058
  regcmd_qword[1265] off=0xe3f88 value=0x020100010000105c
  regcmd_qword[1266] off=0xe3f90 value=0x0201000000001060
  regcmd_qword[1267] off=0xe3f98 value=0x0201000000001064
  regcmd_qword[1268] off=0xe3fa0 value=0x0201000000001068
  regcmd_qword[1269] off=0xe3fa8 value=0x0201ffd1e0001070
  regcmd_qword[1270] off=0xe3fb0 value=0x0201000000001074
  regcmd_qword[1271] off=0xe3fb8 value=0x0201000f000f1078
  regcmd_qword[1272] off=0xe3fc0 value=0x0201000000a0107c
  regcmd_qword[1273] off=0xe3fc8 value=0x0201000005a01080
  regcmd_qword[1274] off=0xe3fd0 value=0x0201002800171084
  regcmd_qword[1275] off=0xe3fd8 value=0x0201000000a01088
  regcmd_qword[1276] off=0xe3fe0 value=0x0201000000001100
  regcmd_qword[1277] off=0xe3fe8 value=0x0201000000001104
  regcmd_qword[1278] off=0xe3ff0 value=0x0201fff978001110
  regcmd_qword[1279] off=0xe3ff8 value=0x0201000000001140
  regcmd_qword[1280] off=0xe4000 value=0x0201000000001144
  regcmd_qword[1281] off=0xe4008 value=0x0201000000001148
  regcmd_qword[1282] off=0xe4010 value=0x020100000000114c
  regcmd_qword[1283] off=0xe4018 value=0x0201000000001150
  regcmd_qword[1284] off=0xe4020 value=0x0201000000001154
  regcmd_qword[1285] off=0xe4028 value=0x0201000000001158
  regcmd_qword[1286] off=0xe4030 value=0x020100000000115c
  regcmd_qword[1287] off=0xe4038 value=0x0201000000001160
  regcmd_qword[1288] off=0xe4040 value=0x0201000000001164
  regcmd_qword[1289] off=0xe4048 value=0x0201000000001168
  regcmd_qword[1290] off=0xe4050 value=0x020100000000116c
  regcmd_qword[1291] off=0xe4058 value=0x0201000000001170
  regcmd_qword[1292] off=0xe4060 value=0x0201000000001174
  regcmd_qword[1293] off=0xe4068 value=0x0201000000001178
  regcmd_qword[1294] off=0xe4070 value=0x020100000000117c
  regcmd_qword[1295] off=0xe4078 value=0x0201000000001180
  regcmd_qword[1296] off=0xe4080 value=0x0201000000001184
  regcmd_qword[1297] off=0xe4088 value=0x0801000002003010
  regcmd_qword[1298] off=0xe4090 value=0x0801001400253014
  regcmd_qword[1299] off=0xe4098 value=0x08010000005f3018
  regcmd_qword[1300] off=0xe40a0 value=0x080100000000301c
  regcmd_qword[1301] off=0xe40a8 value=0x0801000000003030
  regcmd_qword[1302] off=0xe40b0 value=0x1001000001e4400c
  regcmd_qword[1303] off=0xe40b8 value=0x1001480000024010
  regcmd_qword[1304] off=0xe40c0 value=0x1001000000004014
  regcmd_qword[1305] off=0xe40c8 value=0x1001ffcd9f004020
  regcmd_qword[1306] off=0xe40d0 value=0x100100005a404024
  regcmd_qword[1307] off=0xe40d8 value=0x1001000000254030
  regcmd_qword[1308] off=0xe40e0 value=0x1001000000144034
  regcmd_qword[1309] off=0xe40e8 value=0x1001000000004038
  regcmd_qword[1310] off=0xe40f0 value=0x1001005f005f403c
  regcmd_qword[1311] off=0xe40f8 value=0x1001000000534040
  regcmd_qword[1312] off=0xe4100 value=0x1001000000004044
  regcmd_qword[1313] off=0xe4108 value=0x1001000000004048
  regcmd_qword[1314] off=0xe4110 value=0x100100000000404c
  regcmd_qword[1315] off=0xe4118 value=0x1001000001264050
  regcmd_qword[1316] off=0xe4120 value=0x1001000000004054
  regcmd_qword[1317] off=0xe4128 value=0x10010000005f4058
  regcmd_qword[1318] off=0xe4130 value=0x100100140025405c
  regcmd_qword[1319] off=0xe4138 value=0x1001000000534060
  regcmd_qword[1320] off=0xe4140 value=0x1001000000004064
  regcmd_qword[1321] off=0xe4148 value=0x1001000000004068
  regcmd_qword[1322] off=0xe4150 value=0x100100000000406c
  regcmd_qword[1323] off=0xe4158 value=0x1001000003834070
  regcmd_qword[1324] off=0xe4160 value=0x1001000000004074
  regcmd_qword[1325] off=0xe4168 value=0x1001000000014078
  regcmd_qword[1326] off=0xe4170 value=0x100100000000407c
  regcmd_qword[1327] off=0xe4178 value=0x1001000000004080
  regcmd_qword[1328] off=0xe4180 value=0x1001000100014084
  regcmd_qword[1329] off=0xe4188 value=0x1001000000004088
  regcmd_qword[1330] off=0xe4190 value=0x1001000000004090
  regcmd_qword[1331] off=0xe4198 value=0x1001000000004094
  regcmd_qword[1332] off=0xe41a0 value=0x1001000000004098
  regcmd_qword[1333] off=0xe41a8 value=0x100100000000409c
  regcmd_qword[1334] off=0xe41b0 value=0x10010000000040a0
  regcmd_qword[1335] off=0xe41b8 value=0x10010000000040a4
  regcmd_qword[1336] off=0xe41c0 value=0x10010000000040a8
  regcmd_qword[1337] off=0xe41c8 value=0x10010000000040ac
  regcmd_qword[1338] off=0xe41d0 value=0x10010000b48040c0
  regcmd_qword[1339] off=0xe41d8 value=0x10010000000040c4
  regcmd_qword[1340] off=0xe41e0 value=0x1001000000004100
  regcmd_qword[1341] off=0xe41e8 value=0x1001000000004104
  regcmd_qword[1342] off=0xe41f0 value=0x1001000000004108
  regcmd_qword[1343] off=0xe41f8 value=0x100100000000410c
  regcmd_qword[1344] off=0xe4200 value=0x1001000000004110
  regcmd_qword[1345] off=0xe4208 value=0x1001000000004114
  regcmd_qword[1346] off=0xe4210 value=0x1001000000004118
  regcmd_qword[1347] off=0xe4218 value=0x100100000000411c
  regcmd_qword[1348] off=0xe4220 value=0x1001000000004120
  regcmd_qword[1349] off=0xe4228 value=0x1001000000004124
  regcmd_qword[1350] off=0xe4230 value=0x1001000000004128
  regcmd_qword[1351] off=0xe4238 value=0x100100000000412c
  regcmd_qword[1352] off=0xe4240 value=0x0101fffde2800010
  regcmd_qword[1353] off=0xe4248 value=0x0101000200350014
  regcmd_qword[1354] off=0xe4250 value=0x0041000000000000
  regcmd_qword[1355] off=0xe4258 value=0x00810000000d0008
  regcmd_qword[1356] off=0xe4260 value=0x0000000000000000
  regcmd_qword[1357] off=0xe4268 value=0x0000000000000000
  regcmd_qword[1358] off=0xe4270 value=0x0000000000000000
  regcmd_qword[1359] off=0xe4278 value=0x0000000000000000
  regcmd_qword[1360] off=0xe4280 value=0x10010000000e4004
  regcmd_qword[1361] off=0xe4288 value=0x020100000120100c
  regcmd_qword[1362] off=0xe4290 value=0x0201500000c01010
  regcmd_qword[1363] off=0xe4298 value=0x0201000000091014
  regcmd_qword[1364] off=0xe42a0 value=0x0201002800131020
  regcmd_qword[1365] off=0xe42a8 value=0x0201001f00a01024
  regcmd_qword[1366] off=0xe42b0 value=0x0201000000261028
  regcmd_qword[1367] off=0xe42b8 value=0x020100000286102c
  regcmd_qword[1368] off=0xe42c0 value=0x0201000438001030
  regcmd_qword[1369] off=0xe42c8 value=0x020100000b401034
  regcmd_qword[1370] off=0xe42d0 value=0x0201030300601038
  regcmd_qword[1371] off=0xe42d8 value=0x0201000000391040
  regcmd_qword[1372] off=0xe42e0 value=0x0201000000c81044
  regcmd_qword[1373] off=0xe42e8 value=0x02010000000b104c
  regcmd_qword[1374] off=0xe42f0 value=0x0201000100001050
  regcmd_qword[1375] off=0xe42f8 value=0x0201000100001054
  regcmd_qword[1376] off=0xe4300 value=0x0201000100001058
  regcmd_qword[1377] off=0xe4308 value=0x020100010000105c
  regcmd_qword[1378] off=0xe4310 value=0x0201000000001060
  regcmd_qword[1379] off=0xe4318 value=0x0201000000001064
  regcmd_qword[1380] off=0xe4320 value=0x0201000000001068
  regcmd_qword[1381] off=0xe4328 value=0x0201ffd214801070
  regcmd_qword[1382] off=0xe4330 value=0x0201000000001074
  regcmd_qword[1383] off=0xe4338 value=0x0201000f000f1078
  regcmd_qword[1384] off=0xe4340 value=0x0201000000a0107c
  regcmd_qword[1385] off=0xe4348 value=0x0201000005a01080
  regcmd_qword[1386] off=0xe4350 value=0x0201002800131084
  regcmd_qword[1387] off=0xe4358 value=0x0201000000a01088
  regcmd_qword[1388] off=0xe4360 value=0x0201000000001100
  regcmd_qword[1389] off=0xe4368 value=0x0201000000001104
  regcmd_qword[1390] off=0xe4370 value=0x0201fff978001110
  regcmd_qword[1391] off=0xe4378 value=0x0201000000001140
  regcmd_qword[1392] off=0xe4380 value=0x0201000000001144
  regcmd_qword[1393] off=0xe4388 value=0x0201000000001148
  regcmd_qword[1394] off=0xe4390 value=0x020100000000114c
  regcmd_qword[1395] off=0xe4398 value=0x0201000000001150
  regcmd_qword[1396] off=0xe43a0 value=0x0201000000001154
  regcmd_qword[1397] off=0xe43a8 value=0x0201000000001158
  regcmd_qword[1398] off=0xe43b0 value=0x020100000000115c
  regcmd_qword[1399] off=0xe43b8 value=0x0201000000001160
  regcmd_qword[1400] off=0xe43c0 value=0x0201000000001164
  regcmd_qword[1401] off=0xe43c8 value=0x0201000000001168
  regcmd_qword[1402] off=0xe43d0 value=0x020100000000116c
  regcmd_qword[1403] off=0xe43d8 value=0x0201000000001170
  regcmd_qword[1404] off=0xe43e0 value=0x0201000000001174
  regcmd_qword[1405] off=0xe43e8 value=0x0201000000001178
  regcmd_qword[1406] off=0xe43f0 value=0x020100000000117c
  regcmd_qword[1407] off=0xe43f8 value=0x0201000000001180
  regcmd_qword[1408] off=0xe4400 value=0x0201000000001184
  regcmd_qword[1409] off=0xe4408 value=0x0801000002003010
  regcmd_qword[1410] off=0xe4410 value=0x0801001000253014
  regcmd_qword[1411] off=0xe4418 value=0x08010000005f3018
  regcmd_qword[1412] off=0xe4420 value=0x080100000000301c
  regcmd_qword[1413] off=0xe4428 value=0x0801000000003030
  regcmd_qword[1414] off=0xe4430 value=0x1001000001e4400c
  regcmd_qword[1415] off=0xe4438 value=0x1001480000024010
  regcmd_qword[1416] off=0xe4440 value=0x1001000000004014
  regcmd_qword[1417] off=0xe4448 value=0x1001ffcdd0e04020
  regcmd_qword[1418] off=0xe4450 value=0x100100005a404024
  regcmd_qword[1419] off=0xe4458 value=0x1001000000254030
  regcmd_qword[1420] off=0xe4460 value=0x1001000000104034
  regcmd_qword[1421] off=0xe4468 value=0x1001000000004038
  regcmd_qword[1422] off=0xe4470 value=0x1001005f005f403c
  regcmd_qword[1423] off=0xe4478 value=0x1001000000534040
  regcmd_qword[1424] off=0xe4480 value=0x1001000000004044
  regcmd_qword[1425] off=0xe4488 value=0x1001000000004048
  regcmd_qword[1426] off=0xe4490 value=0x100100000000404c
  regcmd_qword[1427] off=0xe4498 value=0x1001000001264050
  regcmd_qword[1428] off=0xe44a0 value=0x1001000000004054
  regcmd_qword[1429] off=0xe44a8 value=0x10010000005f4058
  regcmd_qword[1430] off=0xe44b0 value=0x100100100025405c
  regcmd_qword[1431] off=0xe44b8 value=0x1001000000534060
  regcmd_qword[1432] off=0xe44c0 value=0x1001000000004064
  regcmd_qword[1433] off=0xe44c8 value=0x1001000000004068
  regcmd_qword[1434] off=0xe44d0 value=0x100100000000406c
  regcmd_qword[1435] off=0xe44d8 value=0x1001000003834070
  regcmd_qword[1436] off=0xe44e0 value=0x1001000000004074
  regcmd_qword[1437] off=0xe44e8 value=0x1001000000014078
  regcmd_qword[1438] off=0xe44f0 value=0x100100000000407c
  regcmd_qword[1439] off=0xe44f8 value=0x1001000000004080
  regcmd_qword[1440] off=0xe4500 value=0x1001000100014084
  regcmd_qword[1441] off=0xe4508 value=0x1001000000004088
  regcmd_qword[1442] off=0xe4510 value=0x1001000000004090
  regcmd_qword[1443] off=0xe4518 value=0x1001000000004094
  regcmd_qword[1444] off=0xe4520 value=0x1001000000004098
  regcmd_qword[1445] off=0xe4528 value=0x100100000000409c
  regcmd_qword[1446] off=0xe4530 value=0x10010000000040a0
  regcmd_qword[1447] off=0xe4538 value=0x10010000000040a4
  regcmd_qword[1448] off=0xe4540 value=0x10010000000040a8
  regcmd_qword[1449] off=0xe4548 value=0x10010000000040ac
  regcmd_qword[1450] off=0xe4550 value=0x10010000b48040c0
  regcmd_qword[1451] off=0xe4558 value=0x10010000000040c4
  regcmd_qword[1452] off=0xe4560 value=0x1001000000004100
  regcmd_qword[1453] off=0xe4568 value=0x1001000000004104
  regcmd_qword[1454] off=0xe4570 value=0x1001000000004108
  regcmd_qword[1455] off=0xe4578 value=0x100100000000410c
  regcmd_qword[1456] off=0xe4580 value=0x1001000000004110
  regcmd_qword[1457] off=0xe4588 value=0x1001000000004114
  regcmd_qword[1458] off=0xe4590 value=0x1001000000004118
  regcmd_qword[1459] off=0xe4598 value=0x100100000000411c
  regcmd_qword[1460] off=0xe45a0 value=0x1001000000004120
  regcmd_qword[1461] off=0xe45a8 value=0x1001000000004124
  regcmd_qword[1462] off=0xe45b0 value=0x1001000000004128
  regcmd_qword[1463] off=0xe45b8 value=0x100100000000412c
  regcmd_qword[1464] off=0xe45c0 value=0x0101fffde6000010
  regcmd_qword[1465] off=0xe45c8 value=0x01010002000e0014
  regcmd_qword[1466] off=0xe45d0 value=0x0041000000000000
  regcmd_qword[1467] off=0xe45d8 value=0x00810000000d0008
  regcmd_qword[1468] off=0xe45e0 value=0x0000000000000000
  regcmd_qword[1469] off=0xe45e8 value=0x0000000000000000
  regcmd_qword[1470] off=0xe45f0 value=0x0000000000000000
  regcmd_qword[1471] off=0xe45f8 value=0x0000000000000000
  regcmd_qword[1472] off=0xe4600 value=0x40010000000e6004
  regcmd_qword[1473] off=0xe4608 value=0x80010000000e7004
  regcmd_qword[1474] off=0xe4610 value=0x400100000000600c
  regcmd_qword[1475] off=0xe4618 value=0x4001000000006010
  regcmd_qword[1476] off=0xe4620 value=0x40010000001f6014
  regcmd_qword[1477] off=0xe4628 value=0x4001000000006018
  regcmd_qword[1478] off=0xe4630 value=0x400100000000601c
  regcmd_qword[1479] off=0xe4638 value=0x40010000001f6020
  regcmd_qword[1480] off=0xe4640 value=0x4001000000116024
  regcmd_qword[1481] off=0xe4648 value=0x4001000000006034
  regcmd_qword[1482] off=0xe4650 value=0x4001000000006038
  regcmd_qword[1483] off=0xe4658 value=0x400100000000603c
  regcmd_qword[1484] off=0xe4660 value=0x4001000000006040
  regcmd_qword[1485] off=0xe4668 value=0x4001000000006044
  regcmd_qword[1486] off=0xe4670 value=0x4001000000006048
  regcmd_qword[1487] off=0xe4678 value=0x4001fffdb0006070
  regcmd_qword[1488] off=0xe4680 value=0x400100000010607c
  regcmd_qword[1489] off=0xe4688 value=0x4001000000106084
  regcmd_qword[1490] off=0xe4690 value=0x40010000000360dc
  regcmd_qword[1491] off=0xe4698 value=0x800100000000700c
  regcmd_qword[1492] off=0xe46a0 value=0x8001000000007010
  regcmd_qword[1493] off=0xe46a8 value=0x80010000001f7014
  regcmd_qword[1494] off=0xe46b0 value=0x8001fffdb400701c
  regcmd_qword[1495] off=0xe46b8 value=0x8001000000107024
  regcmd_qword[1496] off=0xe46c0 value=0x8001000000107028
  regcmd_qword[1497] off=0xe46c8 value=0x8001000000017030
  regcmd_qword[1498] off=0xe46d0 value=0x0000000000000000
  regcmd_qword[1499] off=0xe46d8 value=0x0101000000000014
  regcmd_qword[1500] off=0xe46e0 value=0x0041000000000000
  regcmd_qword[1501] off=0xe46e8 value=0x0081000000600008
  regcmd_qword[1502] off=0xe46f0 value=0x0000000000000000
  regcmd_qword[1503] off=0xe46f8 value=0x0000000000000000
GEM 3: handle=3 size=1437696 map_offset=0x1000e6000
  task_like_entries=0
GEM 4: handle=4 size=512000 map_offset=0x100245000
  task_like_entries=0
GEM 5: handle=5 size=925696 map_offset=0x1002c2000
  task_like_entries=0
GEM 6: unavailable: [Errno 2] No such file or directory
submit #1: task_number=6 task_obj_addr=0xffffff8108550000
D RKNN: [11:32:25.613] allocated memory, name: input, virt addr: 0x7ff6e30000, dma addr: 0xffd1e000, obj addr: 0xffffff8108553400, size: 512000, aligned size: 512000, fd: 7, handle: 4, flags: 0x403, gem name: 4, iommu domain id: 0
D RKNN: [11:32:25.621] allocated memory, name: output, virt addr: 0x7ff6d4e000, dma addr: 0xffc3c000, obj addr: 0xffffff8108550c00, size: 924160, aligned size: 925696, fd: 8, handle: 5, flags: 0x403, gem name: 5, iommu domain id: 0
D RKNN: [11:32:25.622] normalize target: CPU
D RKNN: [11:32:25.852] Output(output): size_with_stride larger than model origin size, if need run OutputOperator in NPU, please call rknn_create_memory using size_with_stride.
  Output shape: 1x320x38x38
ERROR at index 26993: expected=2.14338, got=2.10547, error=0.0379155
ERROR at index 38793: expected=-6.59262, got=-6.55469, error=0.0379291
ERROR at index 53228: expected=0.978364, got=0.941895, error=0.0364695
ERROR at index 121747: expected=0.637042, got=0.597168, error=0.0398744
ERROR at index 256639: expected=2.59502, got=2.63086, error=0.0358386
ERROR at index 283318: expected=-5.08105, got=-5.04297, error=0.0380826
ERROR at index 327232: expected=7.07249, got=7.10938, error=0.0368843
ERROR at index 377005: expected=-7.16636, got=-7.20312, error=0.0367646
ERROR at index 393632: expected=-6.01156, got=-5.97266, error=0.0388999
ERROR at index 436251: expected=-4.48425, got=-4.44922, error=0.0350361
ERROR at index 445326: expected=-6.59744, got=-6.63281, error=0.0353737
ERROR at index 448520: expected=-5.83222, got=-5.87109, error=0.038878
D RKNN: [11:32:26.941] free memory, name: internal, virt addr: 0x7ff70a4000, dma addr: 0xffd9b000, obj addr: 0xffffff8108551400, size: 1436160, aligned size: 1437696, fd: 6, handle: 3, flags: 0x403, gem name: 3, iommu domain id: 0
D RKNN: [11:32:26.943] free memory, name: weight, virt addr: 0x7ff7203000, dma addr: 0xffefa000, obj addr: 0xffffff8108552800, size: 936384, aligned size: 937984, fd: 5, handle: 2, flags: 0x403, gem name: 2, iommu domain id: 0
D RKNN: [11:32:26.945] free memory, name: task, virt addr: 0x7ff7ff6000, dma addr: 0xfffdf000, obj addr: 0xffffff8108550000, size: 680, aligned size: 4096, fd: 4, handle: 1, flags: 0x40b, gem name: 1, iommu domain id: 0
D RKNN: [11:32:26.947] free memory, name: input, virt addr: 0x7ff6e30000, dma addr: 0xffd1e000, obj addr: 0xffffff8108553400, size: 512000, aligned size: 512000, fd: 7, handle: 4, flags: 0x403, gem name: 4, iommu domain id: 0
D RKNN: [11:32:26.948] free memory, name: output, virt addr: 0x7ff6d4e000, dma addr: 0xffc3c000, obj addr: 0xffffff8108550c00, size: 924160, aligned size: 925696, fd: 8, handle: 5, flags: 0x403, gem name: 5, iommu domain id: 0

  ✗ FAILED

################################################################################
TEST SUMMARY
################################################################################
Total tests: 1
Passed: 0
Failed: 1
################################################################################
[Inferior 1 (process 8624) exited with code 01]
